ID_PESSOA;NM_DOCENTE;AN_TITULACAO;DS_CATEGORIA_DOCENTE;citation_count;h_index;document_count
42511;ALEXANDRO CARDOSO TENORIO;2002;PERMANENTE;53.0;2.0;2.0
9501;REZILDA RODRIGUES OLIVEIRA;1998;PERMANENTE;0.0;0.0;3.0
122287;ALEXANDRE MENDES FERNANDES;2012;PERMANENTE;818.0;14.0;28.0
187632;LUCIANA SANDRA BASTOS DE SOUZA;2015;PERMANENTE;0.0;0.0;2.0
147493;EDGAR ALBERTO DO ESPIRITO SANTO SILVA;2014;PERMANENTE;155.0;7.0;10.0
141225;JESSER FIDELIS DE SOUZA FILHO;2011;PERMANENTE;391.0;9.0;72.0
140659;AIRTON TORRES CARVALHO;2012;PERMANENTE;574.0;12.0;28.0
163913;RAFAEL ANTONIO DO NASCIMENTO RAMOS;2015;PERMANENTE;30.0;1.0;1.0
533336;JOSE VITOR MOREIRA LIMA FILHO;2004;PERMANENTE;3.0;1.0;1.0
28374;ROMILSON MARQUES CABRAL;2007;PERMANENTE;121.0;5.0;8.0
7960;VALDOMIRO SEVERINO DE SOUZA JUNIOR;2017;PERMANENTE;1951.0;24.0;109.0
159948;YURI JACQUES AGRA BEZERRA DA SILVA;2014;PERMANENTE;1118.0;20.0;62.0
497024;WICTOR CARLOS MAGNO;2002;PERMANENTE;253.0;7.0;18.0
809578;NIVALDO FERREIRA DO NASCIMENTO;2018;PERMANENTE;485.0;13.0;48.0
353362;ANGELA CRISTINA ROCHA DE SOUZA;2009;PERMANENTE;851.0;18.0;65.0
16179;CLISTENES WILLIAMS ARAUJO DO NASCIMENTO;2001;PERMANENTE;0.0;0.0;5.0
718473;JOSE DE LIMA ALBUQUERQUE;2002;PERMANENTE;25.0;1.0;1.0
99913;ANDRE LAURENIO DE MELO;2006;PERMANENTE;252.0;3.0;4.0
513523;RITA DE CASSIA CARVALHO MAIA;2005;PERMANENTE;352.0;10.0;26.0
461070;LUCIANA DE OLIVEIRA FRANCO;2005;PERMANENTE;688.0;8.0;12.0
37249;JORGE DA SILVA CORREIA NETO;2014;PERMANENTE;0.0;0.0;1.0
459935;ALBANITA GOMES DA COSTA DE CEBALLOS;2009;PERMANENTE;4.0;1.0;1.0
129552;EMIDIO CANTIDIO ALMEIDA DE OLIVEIRA;2011;PERMANENTE;872.0;13.0;45.0
709967;DANIEL FRIGUGLIETTI BRANDESPIM;2003;PERMANENTE;243.0;8.0;31.0
829686;RAMON RAUDEL PENA GARCIA;2017;PERMANENTE;0.0;0.0;1.0
6023;HELINANDO PEQUENO DE OLIVEIRA;2004;PERMANENTE;5.0;1.0;3.0
981046;ANA CLAUDIA VAZ DE ARAUJO;2011;PERMANENTE;3.0;1.0;2.0
2155472;MARCOS GOMES GHISLANDI;2012;PERMANENTE;2565.0;27.0;60.0
524999;VALDEMIR ALEXANDRE DOS SANTOS;2006;PERMANENTE;3527.0;23.0;80.0
152152;ANETE SOARES CAVALCANTI;2014;PERMANENTE;0.0;0.0;1.0
384338;IVONEIDE DE CARVALHO LOPES BARROS;2007;PERMANENTE;204.0;8.0;9.0
174057;RAFAEL ALVES DE OLIVEIRA;2014;PERMANENTE;2.0;1.0;1.0
535312;ANGELA FERNANDES CAMPOS;1998;PERMANENTE;6.0;2.0;5.0
440627;GERALDO JORGE BARBOSA DE MOURA;2010;PERMANENTE;4.0;2.0;4.0
341320;RUTH DO NASCIMENTO FIRME;2012;PERMANENTE;1.0;1.0;2.0
97417;ERIKA SURUAGY ASSIS DE FIGUEIREDO;2013;PERMANENTE;761.0;11.0;46.0
536086;AILTON REIS;2001;PERMANENTE;917.0;16.0;118.0
132272;ANTONIO JOSE FERREIRA GOMES JUNIOR;2013;PERMANENTE;111.0;1.0;1.0
526674;MANOEL ADRIAO GOMES FILHO;1999;PERMANENTE;324.0;10.0;23.0
2391192;MOHAMMAD REZA DOUSTI;2014;PERMANENTE;51.0;1.0;6.0
705974;WELITON SOARES MARTINS;2013;PERMANENTE;279.0;10.0;39.0
517435;GALBA MARIA DE CAMPOS TAKAKI;1984;PERMANENTE;5257.0;42.0;154.0
511867;MARCOS CESAR SANTOS ORIA;1990;PERMANENTE;715.0;15.0;64.0
15222;EDENIA MARIA RIBEIRO DO AMARAL;2009;PERMANENTE;56.0;3.0;3.0
512174;REGINALDO DE CARVALHO;2003;PERMANENTE;0.0;0.0;1.0
528313;JOAO RUFINO DE FREITAS FILHO;2001;PERMANENTE;8.0;2.0;3.0
67528;JACQUELINE SANTOS SILVA CAVALCANTI;2011;PERMANENTE;17.0;1.0;1.0
169342;JOAO ROBERTO RATIS TENORIO DA SILVA;2018;PERMANENTE;11.0;1.0;1.0
47600;PAULA BRAGA GOMES DE PEREZ;2002;PERMANENTE;;;
395509;MARIA DANIELLE ARAUJO MOTA;2019;PERMANENTE;1.0;1.0;1.0
614801;THIAGO YUKIO TANAKA;2019;PERMANENTE;9.0;2.0;3.0
137150;KLEBER NAPOLEAO NUNES DE OLIVEIRA BARROS;2014;PERMANENTE;3.0;1.0;2.0
5549;MARIA TEREZA CARTAXO MUNIZ;2017;PERMANENTE;8.0;1.0;1.0
24073;MARTINE PATRICIA ARLETTE CHEVROLLIER;2003;PERMANENTE;646.0;15.0;59.0
112439;IRAN FERREIRA DE MELO;2013;PERMANENTE;1.0;1.0;3.0
166130;LARISSA ARAUJO ROLIM;2012;PERMANENTE;2580.0;26.0;165.0
129317;BRENDA CARLOS DE ANDRADE;2014;PERMANENTE;0.0;0.0;2.0
416578;VERONICA TAVARES SANTOS BATINGA;2010;PERMANENTE;0.0;0.0;1.0
511264;ELCIDA DE LIMA ARAUJO;1998;PERMANENTE;0.0;0.0;4.0
439398;JOSE NUNES DA SILVA;2008;PERMANENTE;604.0;13.0;85.0
452126;LAETICIA MEDEIROS JALIL;2009;PERMANENTE;0.0;0.0;1.0
513434;CIBELE CARDOSO DE CASTRO;2001;PERMANENTE;0.0;0.0;1.0
409709;VALERIA SEVERINA GOMES;2007;PERMANENTE;0.0;0.0;2.0
7988;ANA LUCIA FIGUEIREDO PORTO;2003;PERMANENTE;5119.0;36.0;254.0
159355;JOSE TEMISTOCLES FERREIRA JUNIOR;2014;PERMANENTE;1111.0;17.0;154.0
83925;MARIA TERESA AURELIANO BURIL VITAL RODRIGUES;2013;PERMANENTE;1.0;1.0;1.0
1050273;FLAVIA CHRISTIANE GUINHOS DE MENEZES BARRETO SILVA;2002;PERMANENTE;1.0;1.0;1.0
679142;JOSE HOLANDA DA SILVA JUNIOR;2018;PERMANENTE;416.0;6.0;14.0
124357;MARCELA MOURA TORRES PAIM;2007;PERMANENTE;0.0;0.0;2.0
6530;JACKSON ROBERTO GUEDES DA SILVA ALMEIDA;2006;PERMANENTE;6036.0;38.0;252.0
602673;ANILDO MONTEIRO CALDAS;2015;PERMANENTE;97.0;5.0;9.0
281608;RENATA BARBOSA VICENTE;2014;PERMANENTE;1.0;1.0;1.0
6614;MOACYR CUNHA FILHO;2018;PERMANENTE;292.0;9.0;52.0
510191;NICOLA SCHIEL;2004;PERMANENTE;1384.0;24.0;58.0
969945;ANA MARIA DUBEUX GERVAIS;2004;PERMANENTE;0.0;0.0;1.0
102188;GEVSON SILVA ANDRADE;2011;PERMANENTE;678.0;14.0;61.0
1015676;MOACIR SANTOS TINOCO;2014;PERMANENTE;192.0;7.0;21.0
527869;VICENTINA MARIA RAMIRES BORBA;2004;PERMANENTE;2.0;1.0;1.0
511099;LEONIE ASFORA SARUBBO GAMA;2010;PERMANENTE;231.0;3.0;4.0
25013;CLAUDIA ROBERTA TAVARES SILVA;2004;PERMANENTE;94.0;4.0;6.0
2008011;FABIO MARIO DA SILVA;2013;PERMANENTE;7.0;1.0;1.0
117154;JOSE DILSON BESERRA CAVALCANTI;2015;PERMANENTE;0.0;0.0;2.0
132758;NATAN MESSIAS DE ALMEIDA;2014;PERMANENTE;175.0;8.0;24.0
401408;ALBERT STEVENS REYNA OCAS;2017;PERMANENTE;;;
346517;JOAO BATISTA PEREIRA;2011;PERMANENTE;0.0;0.0;1.0
117330;DENNYS DIKSON MARCELINO DA SILVA;2015;PERMANENTE;3210.0;30.0;152.0
536366;JOAO MORAIS DE SOUSA;2001;PERMANENTE;34.0;4.0;6.0
420541;ANGELA VALERIA ALVES DE LIMA;2013;PERMANENTE;700.0;11.0;32.0
124318;DAYSE AMANCIO DOS SANTOS VERAS FREITAS;2010;PERMANENTE;1139.0;22.0;65.0
368181;IEDO DE OLIVEIRA PAES;2007;PERMANENTE;1.0;1.0;1.0
420889;MARIA HELENA TAVARES DE MATOS;2007;PERMANENTE;28.0;2.0;2.0
43006;IVANDA MARIA MARTINS SILVA;2003;PERMANENTE;3210.0;30.0;152.0
469795;MARIA DO SOCORRO DE LIMA OLIVEIRA;2011;PERMANENTE;45.0;3.0;3.0
973443;JULIENE DA SILVA BARROS GOMES;2004;PERMANENTE;410.0;13.0;34.0
587319;AMANDA BRANDAO ARAUJO MORENO;2018;PERMANENTE;2.0;1.0;1.0
854333;LUIS CLAUDIO MONTEIRO DE MATTOS;2017;PERMANENTE;6.0;2.0;2.0
73892;JEFFERSON RODRIGUES MACIEL;2017;PERMANENTE;2376.0;11.0;37.0
133602;JULIA FIGUEREDO BENZAQUEN;2012;PERMANENTE;;;
950154;ANDREA LORENA BUTTO ZARZAR;2017;PERMANENTE;6.0;1.0;1.0
76726;MARIA CELIA PEREIRA LIMA HERNANDES;2005;PERMANENTE;;;
131188;EDILMA PEREIRA OLIVEIRA;2013;PERMANENTE;40.0;3.0;4.0
77969;EUDES DA SILVA SANTOS;2017;PERMANENTE;1122.0;19.0;29.0
2418347;GUILHERME PENHA DA SILVA JUNIOR;2021;PERMANENTE;24.0;3.0;6.0
139553;DOROTHY BEZERRA SILVA DE BRITO;2009;PERMANENTE;1.0;1.0;1.0
142114;ROMERO MARCOS PEDROSA BRANDAO COSTA;2017;PERMANENTE;1108.0;20.0;75.0
82467;NATANAEL DUARTE DE AZEVEDO;2015;PERMANENTE;0.0;0.0;2.0
3316130;ALINE FONSECA DE OLIVEIRA;2013;PERMANENTE;0.0;0.0;1.0
715899;MAUREN POMALIS COELHO DA SILVA;2019;PERMANENTE;0.0;0.0;1.0
306384;EDUARDO BARBUIO;2016;PERMANENTE;;;
635567;KARINE MATOS MAGALHAES;2004;PERMANENTE;506.0;10.0;29.0
118663;DANILO RICARDO BARBOSA DE ARAUJO;2015;PERMANENTE;283.0;10.0;40.0
639687;PATRICIA LOPES BARROS DE ARAUJO;2007;PERMANENTE;339.0;12.0;24.0
2075689;FELIPE ALBERTO BARBOSA SIMAO FERREIRA;2020;PERMANENTE;133.0;6.0;15.0
4805914;REINEL BELTRAN AGUEDO;2003;PERMANENTE;6.0;1.0;3.0
361991;RONALDO NASCIMENTO DE OLIVEIRA;2005;PERMANENTE;30.0;2.0;3.0
461599;OSWALDO HIDEO ANDO JUNIOR;2014;PERMANENTE;1443.0;21.0;109.0
4799055;ANIA LUSSON CERVANTES;2002;PERMANENTE;6.0;1.0;3.0
358876;ERB FERREIRA LINS;2007;PERMANENTE;196.0;7.0;23.0
24187;TANIA MARIA SARMENTO DA SILVA;2002;PERMANENTE;3210.0;30.0;152.0
137741;ERMESON CARNEIRO DE ANDRADE;2014;PERMANENTE;886.0;17.0;100.0
917346;DENIS KEUTON ALVES;2019;PERMANENTE;381.0;8.0;14.0
380081;ROBSON SANTOS DE OLIVEIRA;2012;PERMANENTE;819.0;14.0;92.0
1215969;ELIAS MARQUES FERREIRA DE OLIVEIRA;2018;PERMANENTE;0.0;0.0;1.0
126213;TATIANA SOUZA PORTO;2008;PERMANENTE;1942.0;26.0;99.0
339486;MARIA GRAZIA CRIBARI CARDOSO;2006;PERMANENTE;3.0;1.0;1.0
134268;RAFAEL BEZERRA DE LIMA;2010;PERMANENTE;3.0;1.0;3.0
170286;CARLOS EDUARDO ALBUQUERQUE FERNANDES;2016;PERMANENTE;0.0;0.0;1.0
452959;JOAO EVANGELISTA TUDE DE MELO NETO;2013;PERMANENTE;10.0;1.0;2.0
104176;GUSTAVO HENRIQUE DA SILVA LIMA;2016;PERMANENTE;11.0;2.0;5.0
384000;TARCISIO AUGUSTO ALVES DA SILVA;2010;PERMANENTE;4.0;1.0;4.0
26198;GIUSEPPA MARIA DANIEL SPENILLO;2008;PERMANENTE;;;
513738;MARIA DO ROSARIO DE FATIMA ANDRADE LEITAO;1998;PERMANENTE;0.0;0.0;1.0
117447;MORGANA SOARES DA SILVA;2014;PERMANENTE;1.0;1.0;1.0
148159;ARISTEU PORTELA JUNIOR;2018;PERMANENTE;17.0;3.0;10.0
180486;JOELTON DUARTE DE SANTANA;2017;PERMANENTE;5.0;1.0;2.0
593662;JOAO PAULO RAMOS AGRA MELLO;2019;PERMANENTE;322.0;11.0;38.0
8066;CELSO DE AMORIM CAMARA;2010;PERMANENTE;3435.0;31.0;121.0
191184;MARCEL AYRES DE ARAUJO;2017;PERMANENTE;88.0;5.0;20.0
74145;ANDERSON FERNANDES DE ALENCAR;2012;PERMANENTE;11.0;1.0;3.0
534032;ANGELO GIUSEPPE CHAVES ALVES;2004;PERMANENTE;522.0;11.0;34.0
5405;ANA CARLA ASFORA EL DEIR;2005;PERMANENTE;397.0;10.0;15.0
122032;MARIA RITA IVO DE MELO MACHADO;2013;PERMANENTE;1.0;1.0;1.0
91453;ANA CLAUDIA DE LIMA SILVA;2017;PERMANENTE;94.0;4.0;6.0
479196;JULIAN PEREZ CASSARINO;2012;PERMANENTE;46.0;4.0;7.0
397937;CLAUDIA ULISSES DE CARVALHO SILVA;2005;PERMANENTE;15.0;1.0;1.0
975200;MARCOS ANTONIO BEZERRA FIGUEIREDO;2010;PERMANENTE;761.0;11.0;46.0
93196;OSCAR EMERSON ZUNIGA MOSQUERA;2018;PERMANENTE;13.0;2.0;3.0
107525;MAURO DE MELO JUNIOR;2010;PERMANENTE;20.0;1.0;1.0
824884;FRANCINETE FRANCIS LACERDA;2015;PERMANENTE;45.0;1.0;1.0
115974;WAGNER LINS LIRA;2016;PERMANENTE;0.0;0.0;2.0
87038;GABRIELLA MARIA LIMA BEZERRA;2017;PERMANENTE;11.0;1.0;3.0
133305;MONALIZA RIOS SILVA;2019;PERMANENTE;3210.0;30.0;152.0
588616;MAURICIO SARDA DE FARIA;2005;PERMANENTE;52.0;3.0;4.0
78069;MONICA LOPES FOLENA ARAUJO;2012;PERMANENTE;2.0;1.0;1.0
102785;WALTER SANTOS EVANGELISTA JUNIOR;2007;PERMANENTE;21.0;1.0;3.0
638013;LUCIANO PIRES DE ANDRADE;2016;PERMANENTE;41.0;4.0;5.0
47807;ROGERIO DE AQUINO SARAIVA;2013;PERMANENTE;665.0;15.0;24.0
37532;JORGE LUIZ SCHIRMER DE MATTOS;2001;PERMANENTE;13.0;2.0;3.0
629120;ALAN CEZAR BEZERRA;2020;PERMANENTE;226.0;10.0;35.0
136964;BRUNO SILVA LEITE;2016;PERMANENTE;38.0;3.0;11.0
397642;CARMEN ROSELAINE DE OLIVEIRA FARIAS;2017;PERMANENTE;13.0;2.0;3.0
472064;CARLA RENATA SILVA LEITAO;2011;PERMANENTE;0.0;0.0;6.0
512175;MARIA NORMA RIBEIRO;1997;PERMANENTE;878.0;16.0;77.0
384789;MARCIA FELIX DA SILVA CORTEZ;2010;PERMANENTE;1.0;1.0;2.0
434967;MARTIN ALEJANDRO MONTES;2007;PERMANENTE;375.0;10.0;35.0
411086;FRANCISCO NAIRON MONTEIRO JUNIOR;2012;PERMANENTE;28.0;1.0;1.0
356334;ANTONIO ANDRE CUNHA CALLADO;2009;PERMANENTE;53.0;3.0;26.0
529192;MARIA DE FATIMA GOMES DA CRUZ;2004;PERMANENTE;0.0;0.0;1.0
225389;MARCUS VINICIUS LOSS SPERANDIO;2015;PERMANENTE;416.0;9.0;21.0
622567;SANDRA RODRIGUES DE SOUZA;2002;PERMANENTE;4.0;1.0;1.0
96792;ANA PAULA ABRAHAMIAN DE SOUZA;2015;PERMANENTE;16.0;2.0;2.0
170700;RAQUEL DE ARAGAO UCHOA FERNANDES;2012;PERMANENTE;23.0;3.0;11.0
95910;WATSON ARANTES GAMA JUNIOR;2017;PERMANENTE;338.0;12.0;28.0
143134;FLAVIA CRISTINA GOMES CATUNDA DE VASCONCELOS;2015;PERMANENTE;13.0;2.0;4.0
638012;HORASA MARIA LIMA DA SILVA ANDRADE;2016;PERMANENTE;28.0;2.0;2.0
534388;ARIADNE DO NASCIMENTO MOURA;1997;PERMANENTE;1871.0;23.0;70.0
513879;MARCUS METRI CORREA;2002;PERMANENTE;198.0;9.0;28.0
411446;CRISTIANO DE ALMEIDA CARDOSO MARCELINO JUNIOR;2014;PERMANENTE;17.0;3.0;10.0
513149;FRANCISCO MARCANTE SANTANA DA SILVA;2007;PERMANENTE;770.0;18.0;42.0
10554;LUCIANO DE AZEVEDO SOARES NETO;1996;PERMANENTE;136.0;7.0;9.0
433994;EDUARDO SOARES DE SOUZA;2005;PERMANENTE;966.0;19.0;74.0
521499;CARLOS DANIEL PEREZ;1999;PERMANENTE;924.0;17.0;69.0
1047991;KATIA CRISTINA SILVA DE FREITAS;2002;PERMANENTE;2.0;1.0;2.0
188636;RODRIGO GENUINO CLEMENTE;2016;PERMANENTE;55.0;4.0;13.0
521573;ALFREDO OLIVERA GALVEZ;1998;PERMANENTE;1796.0;24.0;109.0
532639;ANA MARIA DOS ANJOS CARNEIRO LEAO;1998;PERMANENTE;50.0;2.0;2.0
308982;SARAH MARIA ATHIE DE SOUZA;2015;PERMANENTE;2316.0;9.0;58.0
514676;GILVANEIDE FERREIRA DE OLIVEIRA;2011;PERMANENTE;2.0;1.0;1.0
134919;RODRIGO JOSE GONDIM NEVES;2010;PERMANENTE;8.0;1.0;3.0
500257;SEVERINO BARROS DE MELO;2009;PERMANENTE;92.0;6.0;13.0
190337;ALEXANDRE REIS MACHADO;2015;PERMANENTE;3376.0;19.0;63.0
153358;RICARDO NUNES MACHADO JUNIOR;2013;PERMANENTE;1.0;1.0;1.0
131314;ADRIANO REGIS MELO RODRIGUES DA SILVA;2011;PERMANENTE;0.0;0.0;1.0
88634;ANDRE ANGELO MEDEIROS GOMES;2017;PERMANENTE;648.0;8.0;18.0
244392;ROSS ALVES DO NASCIMENTO;2007;PERMANENTE;87.0;6.0;11.0
661298;LUCIANO NICOLAS NAKA;2010;PERMANENTE;2660.0;20.0;56.0
145882;EUDES MENDES BARBOZA;2017;PERMANENTE;41.0;3.0;15.0
173913;THIAGO DIAS OLIVEIRA SILVA;2018;PERMANENTE;131.0;4.0;22.0
513014;LEONARDO SILVA BOITEUX;2000;PERMANENTE;3131.0;29.0;210.0
223694;THIAGO GONCALVES SOUZA;2012;PERMANENTE;10.0;2.0;2.0
661421;MARIA ANGELA VASCONCELOS DE ALMEIDA;2006;PERMANENTE;1.0;1.0;2.0
198282;RALF TARCISO SILVA CORDEIRO;2018;PERMANENTE;568.0;13.0;44.0
117218;MARIA JOSE DE FILGUEIRAS GOMES;2010;PERMANENTE;11.0;2.0;2.0
148380;KARLA FERREIRA DE ARRUDA DUQUE;2013;PERMANENTE;;;
243390;JORGE ANTONIO HINOJOSA VERA;2008;PERMANENTE;1772.0;14.0;26.0
15361;SAMI JORGE MICHEREFF;1998;PERMANENTE;2905.0;26.0;142.0
461290;ELISANGELA BASTOS DE MELO ESPINDOLA;2014;PERMANENTE;0.0;0.0;1.0
960760;RACHEL COSTA DE AZEVEDO MELLO;2019;PERMANENTE;1185.0;19.0;111.0
997871;KELLYTON DOS SANTOS BRITO;2021;PERMANENTE;345.0;11.0;42.0
450177;RICARDO BEZERRA TORRES LIMA;2017;PERMANENTE;7.0;2.0;2.0
510831;ELVIRA MARIA REGIS PEDROSA;1994;PERMANENTE;1216.0;18.0;117.0
997641;LAURECY DIAS DOS SANTOS;2019;PERMANENTE;193.0;9.0;31.0
152884;MARIA HELENA CAMARA LIRA;2014;PERMANENTE;0.0;0.0;1.0
29872;CICERO GARROZI;2012;PERMANENTE;97.0;4.0;8.0
157548;TARCIANA MARIA SANTOS DA SILVA;2013;PERMANENTE;3210.0;30.0;152.0
537959;FLAVIA LUCENA FREDOU;2000;PERMANENTE;2564.0;29.0;123.0
159688;JOSE DEIBSOM DA SILVA;2017;PERMANENTE;228.0;7.0;21.0
404394;ANA PAULA TEIXEIRA BRUNO SILVA;2015;PERMANENTE;94.0;4.0;6.0
521491;MICHAEL LEE SUNDHEIMER;1994;PERMANENTE;1349.0;15.0;56.0
601422;CARLOS ANDRE DE CARVALHO BOSCO;2003;PERMANENTE;353.0;10.0;28.0
137069;GUSTAVO RAU DE ALMEIDA CALLOU;2013;PERMANENTE;863.0;18.0;84.0
610568;ANTONIO CARLOS DA SILVA MIRANDA;2003;PERMANENTE;19.0;3.0;13.0
126299;EDIVAN RODRIGUES DE SOUZA;2010;PERMANENTE;851.0;18.0;65.0
403329;ANTONIO DE PADUA SANTOS;2016;PERMANENTE;76.0;5.0;12.0
97733;ENERY GISLAYNE DE SOUSA MELO;2016;PERMANENTE;8.0;1.0;1.0
78665;CAROLINE MIRANDA BIONDI;2010;PERMANENTE;1023.0;20.0;43.0
532353;JAIRO RICARDO ROCHA DE OLIVEIRA;1998;PERMANENTE;128.0;4.0;5.0
132326;GABRIEL ALVES DE ALBUQUERQUE JUNIOR;2013;PERMANENTE;2.0;1.0;2.0
146418;GABRIEL ARAUJO GUEDES;2014;PERMANENTE;163.0;8.0;12.0
71988;BARBARA COSTA DA SILVA;2011;PERMANENTE;2.0;1.0;1.0
46537;DELSON LARANJEIRA;2001;PERMANENTE;354.0;11.0;34.0
44057;MARCO AURELIO BENEVIDES DE PINHO;2017;PERMANENTE;2.0;1.0;1.0
149846;THIERES GEORGE FREIRE DA SILVA;2009;PERMANENTE;2960.0;29.0;247.0
399190;IONETE CAVALCANTI DE MORAES;2013;PERMANENTE;1015.0;17.0;86.0
385223;ALESSANDRA CARLA CEOLIN;2011;PERMANENTE;39.0;2.0;5.0
160971;JEAN CHEYSON BARROS DOS SANTOS;2015;PERMANENTE;26.0;1.0;1.0
449199;YUMARA LUCIA VASCONCELOS;2009;PERMANENTE;3.0;1.0;2.0
513255;MARIA BETANIA GALVAO DOS SANTOS FREIRE;2001;PERMANENTE;1141.0;21.0;76.0
162641;MARIA IRAE DE SOUZA CORREA;2013;PERMANENTE;16.0;2.0;3.0
501798;CAROLINA ETIENNE DE ROSALIA E SILVA SANTOS;2001;PERMANENTE;2.0;1.0;3.0
274220;BRIVALDO GOMES DE ALMEIDA;2008;PERMANENTE;432.0;13.0;44.0
738017;ANDREA CARLA DE PAIVA;2017;PERMANENTE;6.0;2.0;3.0
113992;MARCO AURELIO SIQUEIRA DA GAMA;2014;PERMANENTE;232.0;8.0;38.0
527754;SARA CRISTINA PINTO RODRIGUES;2001;PERMANENTE;372.0;8.0;31.0
355628;ANA DOLORES SANTIAGO DE FREITAS;2008;PERMANENTE;18.0;3.0;6.0
24100;PIERRE CASTRO SOARES;2004;PERMANENTE;850.0;15.0;95.0
109195;SUZANA CANDIDO DE BARROS SAMPAIO;2015;PERMANENTE;360.0;12.0;42.0
520588;CARLA LOPES DE MENDONCA;1999;PERMANENTE;10.0;2.0;3.0
408445;LETICIA DA COSTA E SILVA;2018;PERMANENTE;0.0;0.0;1.0
531502;JOSE AUGUSTO BASTOS AFONSO DA SILVA;1999;PERMANENTE;604.0;13.0;85.0
192150;TIAGO ARAUJO DE PAULA LIMA;2017;PERMANENTE;37.0;4.0;8.0
522000;TALES WANDERLEY VITAL;1991;PERMANENTE;11.0;2.0;9.0
13711;ADAUTO JOSE FERREIRA DE SOUZA;1993;PERMANENTE;5.0;1.0;1.0
159846;FELIPE LUIZ LIMA DE PAULO;2019;PERMANENTE;119.0;5.0;10.0
84735;DIEGO JOSE RATIVA MILLAN;2008;PERMANENTE;1115.0;22.0;69.0
15153;LEUCIO CAMARA ALVES;1991;PERMANENTE;2271.0;25.0;169.0
7277;HELIO CORDEIRO MANSO FILHO;2005;PERMANENTE;0.0;0.0;1.0
21507;MARCOS ANTONIO LEMOS DE OLIVEIRA;1982;PERMANENTE;819.0;14.0;92.0
160909;DIEGO FIRMINO COSTA DA SILVA;2014;PERMANENTE;104.0;5.0;9.0
113425;JOSE FERRAZ DE MOURA NUNES FILHO;2008;PERMANENTE;6.0;1.0;1.0
515152;ANDREA ALICE DA FONSECA OLIVEIRA;2003;PERMANENTE;0.0;0.0;1.0
114486;ANDRE MARIANO BATISTA;2013;PERMANENTE;564.0;14.0;50.0
18802;ANA LICIA PATRIOTA FELICIANO MARANGON;1999;PERMANENTE;647.0;14.0;42.0
119409;JOSE WILTON PINHEIRO JUNIOR;2008;PERMANENTE;1111.0;17.0;154.0
7443;CLAUDIO COUTINHO BARTOLOMEU;2003;PERMANENTE;129.0;6.0;36.0
82923;GISELLE GOMES MONTEIRO FRACETTO;2011;PERMANENTE;670.0;16.0;54.0
45851;MARIO DE ANDRADE LIRA JUNIOR;2007;PERMANENTE;0.0;0.0;2.0
72404;ADEMIR DE OLIVEIRA FERREIRA;2014;PERMANENTE;1149.0;20.0;53.0
48422;MARIA DA PENHA MOREIRA GONCALVES;2017;PERMANENTE;28.0;2.0;8.0
11564;JOSE ANTONIO ALEIXO DA SILVA;1986;PERMANENTE;604.0;13.0;85.0
510348;KEILA APARECIDA MOREIRA;2003;PERMANENTE;1423.0;20.0;76.0
279906;HUBER RIZZO;2011;PERMANENTE;138.0;7.0;42.0
221396;GILCIA APARECIDA DE CARVALHO;2006;PERMANENTE;741.0;13.0;68.0
14216;RINALDO APARECIDO MOTA;1997;PERMANENTE;3567.0;28.0;368.0
152485;EMANUEL ARAUJO SILVA;2015;PERMANENTE;47.0;2.0;2.0
68331;FRANCISCO DE ASSIS LEITE SOUZA;2014;PERMANENTE;199.0;8.0;42.0
139556;EDNEY PEREIRA DA SILVA;2012;PERMANENTE;606.0;13.0;76.0
265128;RODRIGO EIJI HAKAMADA;2016;PERMANENTE;2511.0;17.0;53.0
980962;JAQUELINE BIANQUE DE OLIVEIRA;2000;PERMANENTE;0.0;0.0;1.0
509983;FRANCISCO FERNANDO RAMOS DE CARVALHO;1998;PERMANENTE;0.0;0.0;1.0
535595;JEAN CARLOS RAMOS DA SILVA;2001;PERMANENTE;0.0;0.0;1.0
384041;TELMA LUCIA DE ANDRADE LIMA;2013;PERMANENTE;28.0;4.0;5.0
126075;FABIO DE SOUZA MENDONCA;2009;PERMANENTE;8.0;2.0;6.0
157716;VALDSON JOSE DA SILVA;2016;PERMANENTE;360.0;12.0;40.0
609212;CAMILLA MENDONCA SILVA;2018;PERMANENTE;118.0;7.0;33.0
6327;MARIA INES SUCUPIRA MACIEL;2000;PERMANENTE;1537.0;21.0;85.0
77077;EVARISTO JORGE OLIVEIRA DE SOUZA;2010;PERMANENTE;326.0;10.0;47.0
224552;JOAO PAULO ISMERIO DOS SANTOS MONNERAT;2012;PERMANENTE;445.0;11.0;25.0
536444;HELENA EMILIA CAVALCANTI DA COSTA CORDEIRO MANSO;2006;PERMANENTE;388.0;12.0;57.0
791243;BETANIA CRISTINA GUILHERME;2010;PERMANENTE;67.0;3.0;11.0
311173;RENATA VALERIANO TONON;2009;PERMANENTE;7413.0;39.0;102.0
5723;MARCELO DE ANDRADE FERREIRA;1997;PERMANENTE;2389.0;26.0;165.0
20218;JOAQUIM EVENCIO NETO;1998;PERMANENTE;181.0;8.0;25.0
1207800;RENATA PIMENTEL BANDEIRA DE MELO;2019;PERMANENTE;376.0;11.0;56.0
511559;RINALDO LUIZ CARACIOLO FERREIRA;1997;PERMANENTE;1544.0;20.0;151.0
511691;MERCIA VIRGINIA FERREIRA DOS SANTOS;1997;PERMANENTE;2462.0;25.0;201.0
41025;CARLOS BOA VIAGEM RABELLO;2001;PERMANENTE;578.0;12.0;88.0
112087;WAGNER EDUARDO DA SILVA;2010;PERMANENTE;251.0;9.0;25.0
24101;MARCIO VIEIRA DA CUNHA;2008;PERMANENTE;986.0;16.0;101.0
116252;CRISTIANO COSTA BASTOS;2011;PERMANENTE;100.0;5.0;18.0
514056;ALEXANDRE CARNEIRO LEAO DE MELLO;2002;PERMANENTE;0.0;0.0;1.0
530265;WILSON ROSA DE OLIVEIRA JUNIOR;2004;PERMANENTE;11.0;2.0;4.0
521226;TATIJANA STOSIC;2004;PERMANENTE;1772.0;22.0;104.0
369292;ANNA PAULA DE A BRITO LIMA;2006;PERMANENTE;0.0;0.0;1.0
177833;JOAO EDUARDO FERNANDES RAMOS;2016;PERMANENTE;0.0;0.0;1.0
536426;MARIA DO CARMO MOHAUPT MARQUES LUDKE;1999;PERMANENTE;222.0;8.0;53.0
20984;JOSE CARLOS BATISTA DUBEUX JUNIOR;2005;PERMANENTE;501.0;14.0;66.0
118052;FRANK SINATRA GOMES DA SILVA;2013;PERMANENTE;4.0;1.0;1.0
171745;MARCILIO MARTINS DE MORAES;2016;PERMANENTE;1015.0;17.0;86.0
456566;JADER DA SILVA JALE;2015;PERMANENTE;113.0;7.0;17.0
118514;BRUNO SEVERO GOMES;2009;PERMANENTE;14.0;2.0;3.0
133078;JANAINA GUIMARAES DA FONSECA E SILVA;2012;PERMANENTE;7.0;1.0;1.0
261845;UIRAN GEBARA DA SILVA;2013;PERMANENTE;10.0;1.0;11.0
97202;ANTONIO SAMUEL ALVES DA SILVA;2015;PERMANENTE;403.0;11.0;35.0
14471;LUIZ ANTONIO MARTINELLI;1989;PERMANENTE;24704.0;71.0;283.0
46645;PAULO EURICO PIRES FERREIRA TRAVASSOS;1999;PERMANENTE;1499.0;20.0;61.0
132329;GIAN CARLO DE MELO SILVA;2014;PERMANENTE;3210.0;30.0;152.0
391387;CLAUDIO TADEU CRISTINO;2008;PERMANENTE;91.0;4.0;12.0
530280;WILLIAM SEVERI;1997;PERMANENTE;1283.0;18.0;70.0
476283;GUILHERME ROCHA MOREIRA;2010;PERMANENTE;259.0;9.0;44.0
47010;WELLINGTON BARBOSA DA SILVA;2003;PERMANENTE;817.0;12.0;12.0
98160;GUSTAVO ACIOLI LOPES;2008;PERMANENTE;11.0;2.0;10.0
511627;ROMULO SIMOES CEZAR MENEZES;1999;PERMANENTE;4.0;1.0;1.0
14259;ROSANGELA PAULA TEIXEIRA LESSA;1989;PERMANENTE;2050.0;22.0;108.0
536958;RANILSON DE SOUZA BEZERRA;2000;PERMANENTE;2831.0;30.0;115.0
115819;PAULO JOSE DUARTE NETO;2012;PERMANENTE;61.0;5.0;10.0
521495;THIERRY FREDOU;2004;PERMANENTE;1766.0;24.0;76.0
23926;TIAGO ALESSANDRO ESPINOLA FERREIRA;2006;PERMANENTE;1090.0;19.0;82.0
152558;RENATA AKEMI SHINOZAKI MENDES;2012;PERMANENTE;217.0;9.0;34.0
535101;HUMBER AGRELLI DE ANDRADE;2004;PERMANENTE;678.0;14.0;61.0
115211;PAULO ROBERTO CAMPAGNOLI DE OLIVEIRA FILHO;2009;PERMANENTE;0.0;0.0;1.0
153123;SUZIANNY MARIA BEZERRA CABRAL DA SILVA;2014;PERMANENTE;476.0;14.0;37.0
117868;LUIS OTAVIO BRITO DA SILVA;2013;PERMANENTE;989.0;19.0;70.0
456583;PAULO GUILHERME VASCONCELOS DE OLIVEIRA;2008;PERMANENTE;0.0;0.0;1.0
8062;HELAINE SIVINI FERREIRA;2002;PERMANENTE;60.0;3.0;10.0
538287;VIVIANE MORAES DE OLIVEIRA;2000;PERMANENTE;0.0;0.0;1.0
47598;BORKO STOSIC;1991;PERMANENTE;1647.0;21.0;120.0
533115;JOSE RAMON BARROS CANTALICE;2001;PERMANENTE;0.0;0.0;1.0
515067;ABELARDO ANTONIO DE ASSUNCAO MONTENEGRO;1997;PERMANENTE;1888.0;21.0;152.0
530364;CLAUDIO AUGUSTO GOMES DA CAMARA;2001;PERMANENTE;2666.0;28.0;131.0
120238;JANAINA DE ALBUQUERQUE COUTO;2011;PERMANENTE;14.0;1.0;1.0
622476;IVONEIDE MENDES DA SILVA;2017;PERMANENTE;4.0;1.0;1.0
361075;VLADIMIR LIRA VERAS XAVIER DE ANDRADE;2013;PERMANENTE;657.0;13.0;92.0
500112;ANTONIO INACIO DINIZ JUNIOR;2022;PERMANENTE;26.0;3.0;7.0
2999859;ARNAUD PIERRE ALEXIS BERTRAND;1999;PERMANENTE;5300.0;44.0;160.0
513462;SILVIO RICARDO MAURANO PEIXOTO;2004;PERMANENTE;2057.0;25.0;96.0
520035;MARIA RAQUEL MOURA COIMBRA;2000;PERMANENTE;855.0;13.0;43.0
16404;MARIA JESUS NOGUEIRA RODAL;1992;PERMANENTE;1674.0;22.0;57.0
406612;RUTE BERGER;2015;PERMANENTE;19.0;3.0;5.0
6888;VIVIAN LOGES;2001;PERMANENTE;444.0;11.0;63.0
616102;MARCONE MOREIRA SANTOS;2018;PERMANENTE;61.0;5.0;9.0
89289;EVERALDO MARQUES DE LIMA NETO;2014;PERMANENTE;17.0;3.0;6.0
23062;FERNANDO JOSE FREIRE;2001;PERMANENTE;1202.0;21.0;106.0
896851;RICARDO GALLO;2018;PERMANENTE;209.0;8.0;40.0
169401;RAFAEL LEITE BRAZ;2014;PERMANENTE;158.0;8.0;30.0
612062;ELIANE CRISTINA SAMPAIO DE FREITAS;2017;PERMANENTE;126.0;5.0;13.0
43840;ANA REGINA BEZERRA RIBEIRO;2009;PERMANENTE;1006.0;6.0;9.0
530108;MARIA MARLY DE OLIVEIRA;1999;PERMANENTE;45.0;3.0;3.0
535523;ROBERTA BORDA SOARES;2004;PERMANENTE;1295.0;22.0;65.0
132736;JADILSON RAMOS DE ALMEIDA;2016;PERMANENTE;432.0;13.0;44.0
160856;MARCELO LUIZ MONTEIRO MARINHO;2015;PERMANENTE;526.0;11.0;53.0
112579;MARCIO SAMPAIO PIMENTEL;2005;PERMANENTE;66.0;5.0;12.0
110244;BRIGITTE RENATA BEZERRA DE OLIVEIRA;2015;PERMANENTE;73.0;4.0;9.0
140753;ANDRE DE SOUZA MELO;2012;PERMANENTE;294.0;6.0;18.0
530098;JOSE JAIME VASCONCELOS CAVALCANTI;2004;PERMANENTE;0.0;0.0;2.0
117308;ALVARO CARLOS GONCALVES NETO;2010;PERMANENTE;19.0;1.0;1.0
524122;EDSON FERREIRA DA SILVA;1999;PERMANENTE;42.0;5.0;7.0
512603;LUIZA SUELY SEMEN MARTINS;1999;PERMANENTE;291.0;10.0;28.0
27798;GHEYSA COELHO SILVA;2012;PERMANENTE;20.0;2.0;4.0
974277;RODRIGO LINS RODRIGUES;2016;PERMANENTE;288.0;10.0;30.0
469208;RICARDO FERREIRA DAS NEVES;2015;PERMANENTE;1.0;1.0;1.0
152380;JOSE EUZEBIO SIMOES NETO;2016;PERMANENTE;36.0;1.0;2.0
510016;ROSEANE CAVALCANTI DOS SANTOS;2017;PERMANENTE;32.0;4.0;17.0
52921;JOSE LUIZ SANDES DE CARVALHO FILHO;2009;PERMANENTE;77.0;5.0;10.0
41232;ELTON LUCIO DE ARAUJO;2002;PERMANENTE;54.0;4.0;9.0
6661;JORGE BRAZ TORRES;2005;PERMANENTE;4033.0;33.0;202.0
122633;DANIELE REGINA PARIZOTTO;2011;PERMANENTE;92.0;5.0;22.0
478730;PAULO FELLIPE CRISTALDO;2014;PERMANENTE;832.0;18.0;60.0
456224;MARCELO HENRIQUE SANTOS PAIVA;2013;PERMANENTE;2.0;1.0;1.0
22153;MANOEL GUEDES CORREA GONDIM JUNIOR;2000;PERMANENTE;5.0;1.0;2.0
137119;JOSE DIJAIR ANTONINO DE SOUZA JUNIOR;2011;PERMANENTE;1111.0;17.0;154.0
164305;PASCHOAL COELHO GROSSI;2011;PERMANENTE;416.0;11.0;99.0
535815;VALERIA WANDERLEY TEIXEIRA;1998;PERMANENTE;29.0;3.0;13.0
102628;CHRISTIAN SHERLEY ARAUJO DA SILVA TORRES;2009;PERMANENTE;7.0;1.0;1.0
443982;GISLEIA BENINI DUARTE;2009;PERMANENTE;598.0;10.0;15.0
123077;MARCOS FELIPE FALCAO SOBRAL;2012;PERMANENTE;1372.0;10.0;28.0
46318;RODOLFO ARAUJO DE MORAES FILHO;1981;PERMANENTE;4.0;1.0;1.0
509648;SUZANA MARIA GICO LIMA MONTENEGRO;2015;PERMANENTE;10.0;1.0;1.0
149294;GERONIMO FERREIRA DA SILVA;2013;PERMANENTE;0.0;0.0;1.0
141121;JOSE AMILTON SANTOS JUNIOR;2013;PERMANENTE;501.0;14.0;66.0
122416;GLEDSON LUIZ PONTES DE ALMEIDA;2013;PERMANENTE;3.0;1.0;1.0
5606;MARIO MONTEIRO ROLIM;1999;PERMANENTE;0.0;0.0;1.0
514843;ENIO FARIAS DE FRANCA E SILVA;2002;PERMANENTE;1556.0;20.0;170.0
532144;GEBER BARBOSA DE ALBUQUERQUE MOURA;2001;PERMANENTE;662.0;14.0;61.0
183764;BRUNO MELO DE ARAUJO;2019;PERMANENTE;10.0;2.0;4.0
74969;MARIANA ZERBONE ALVES DE ALBUQUERQUE;2009;PERMANENTE;0.0;0.0;1.0
512553;ANTONIO FELIX DA COSTA;1995;PERMANENTE;66.0;4.0;4.0
81481;ANTONIO FRANCISCO DE MENDONCA JUNIOR;2015;PERMANENTE;26.0;3.0;7.0
6161;SUELY CREUSA CORDEIRO DE ALMEIDA;2003;PERMANENTE;9.0;2.0;5.0
312410;EDSON HELY SILVA;2008;PERMANENTE;29.0;2.0;2.0
501380;RICARDO DE AGUIAR PACHECO;2004;PERMANENTE;0.0;0.0;1.0
611000;TIAGO DA SILVA CESAR;2010;PERMANENTE;0.0;0.0;1.0
225417;VICTOR HUGO ABRIL;2015;PERMANENTE;0.0;0.0;1.0
132042;JULIANA ALVES DE ANDRADE;2014;PERMANENTE;10.0;2.0;3.0
142775;BRUNO ROMERO FERREIRA MIRANDA;2011;PERMANENTE;4.0;1.0;7.0
157586;CARLOS ANDRE SILVA DE MOURA;2015;PERMANENTE;986.0;14.0;118.0
128391;AUGUSTO CESAR ACIOLY PAZ SILVA;2013;PERMANENTE;15.0;2.0;3.0
304109;CAROLINE BORGES;2015;PERMANENTE;106.0;5.0;11.0
448719;JEANNIE DA SILVA MENEZES;2010;PERMANENTE;0.0;0.0;1.0
131907;MARIA EMILIA VASCONCELOS DOS SANTOS;2014;PERMANENTE;1.0;1.0;1.0
66834;MARIANA ALBUQUERQUE DANTAS;2015;PERMANENTE;5.0;2.0;4.0
23925;HERBERT ALVARO ABREU DE SIQUEIRA;2003;PERMANENTE;3319.0;33.0;79.0
287369;HELITON PANDORFI;2005;PERMANENTE;1164.0;18.0;117.0
530980;GISELDA BRITO SILVA;2002;PERMANENTE;0.0;0.0;1.0
294026;HUMBERTO DA SILVA MIRANDA;2014;PERMANENTE;0.0;0.0;5.0
175350;JOSE MARCELO MARQUES FERREIRA FILHO;2016;PERMANENTE;0.0;0.0;1.0
392399;CLECIO SOUSA RAMOS;2006;PERMANENTE;798.0;14.0;59.0
198760;RAMOM RACHIDE NUNES;2017;PERMANENTE;189.0;5.0;11.0
255262;ANDRE FERNANDO LAVORANTE;2006;PERMANENTE;689.0;17.0;41.0
982310;FAUSTHON FRED DA SILVA;2014;PERMANENTE;2960.0;29.0;247.0
121299;JULIANA ANGEIRAS BATISTA DA SILVA;2010;PERMANENTE;0.0;0.0;1.0
117661;SEVERINO CARLOS BEZERRA DE OLIVEIRA;2011;PERMANENTE;1217.0;20.0;57.0
162286;JULIANO CARLO RUFINO DE FREITAS;2013;PERMANENTE;385.0;10.0;68.0
842282;KLEBER CLEMENTINO DA SILVA;2016;PERMANENTE;0.0;0.0;1.0
382895;EMANUELA SOUSA RIBEIRO;2009;PERMANENTE;878.0;16.0;77.0
126351;JANDYSON MACHADO SANTOS;2017;PERMANENTE;1281.0;21.0;74.0
145761;RODRIGO BARBOSA ACIOLI DE OLIVEIRA;2017;PERMANENTE;455.0;8.0;9.0
478630;SUZANA PEDROZA DA SILVA;2012;PERMANENTE;14.0;1.0;2.0
70631;DANIEL PERRONE MOREIRA;2009;PERMANENTE;259.0;9.0;44.0
479553;ELIZABETH SAMPAIO DE MEDEIROS;2010;PERMANENTE;340.0;12.0;31.0
31165;NEIDE KAZUE SAKUGAWA SHINOHARA;2006;PERMANENTE;174.0;8.0;24.0
1335146;ANA CAROLINA DOS SANTOS COSTA;2020;PERMANENTE;7.0;2.0;2.0
447721;LUCIANA LEITE DE ANDRADE LIMA ARRUDA;2010;PERMANENTE;33.0;3.0;3.0
517672;ALEXANDRE GUEDES TORRES;2005;PERMANENTE;240.0;6.0;24.0
46264;EMMANUELA PRADO DE PAIVA AZEVEDO;2012;PERMANENTE;46.0;4.0;7.0
1484918;CAIO MONTEIRO VERISSIMO;2020;PERMANENTE;77.0;5.0;6.0
365086;ALCILEIDE CABRAL DO NASCIMENTO;2006;PERMANENTE;8.0;2.0;5.0
516235;ANA LUCIA DO NASCIMENTO OLIVEIRA;2001;PERMANENTE;3.0;1.0;1.0
140487;BRUNO MARTINS BOTO LEITE;2012;PERMANENTE;12.0;2.0;5.0
531586;ALVARO AGUIAR COELHO TEIXEIRA;2004;PERMANENTE;1235.0;21.0;117.0
509719;GUSTAVO FERRER CARNEIRO;2001;PERMANENTE;636.0;14.0;39.0
130963;EMMANUEL VIANA PONTUAL;2012;PERMANENTE;1662.0;24.0;64.0
132509;PABYTON GONCALVES CADENA;2012;PERMANENTE;487.0;12.0;40.0
488250;BEATE SAEGESSER SANTOS;2012;PERMANENTE;1860.0;25.0;120.0
103845;MONICA FREIRE BELIAN;2008;PERMANENTE;418.0;10.0;50.0
443235;PAULO ROBERTO ELEUTERIO DE SOUZA;2006;PERMANENTE;25.0;2.0;2.0
513579;VALDEMIRO AMARO DA SILVA JUNIOR;2000;PERMANENTE;17.0;3.0;10.0
13270;MARIA MADALENA PESSOA GUERRA;1998;PERMANENTE;1172.0;18.0;82.0
121408;RAQUEL PEDROSA BEZERRA;2011;PERMANENTE;1206.0;22.0;78.0
7046;ANTONIO RODRIGUES DE CASTRO ROMAGUERA;2003;PERMANENTE;239.0;8.0;32.0
147863;ANDERSON LUIZ DA ROCHA E BARBOSA;2009;PERMANENTE;1.0;1.0;1.0
198673;MARCOS GEORGE MAGALHAES MORENO FILHO;2017;PERMANENTE;147.0;7.0;13.0
362153;SAMARA ALVACHIAN CARDOSO ANDRADE;2005;PERMANENTE;611.0;10.0;36.0
19597;ROMILDO DE ALBUQUERQUE NOGUEIRA;1986;PERMANENTE;48.0;1.0;2.0
44496;JULIANA REGUEIRA BASTO DINIZ;2008;PERMANENTE;46.0;3.0;13.0
111826;MARCIA KARINA DA SILVA LUIZ;2008;PERMANENTE;2.0;1.0;1.0
995516;TACIANA PONTUAL DA ROCHA FALCAO;2014;PERMANENTE;953.0;13.0;59.0
153973;JULIA MARIA RAPOSO GONCALVES DE MELO LARRE;2014;PERMANENTE;1.0;1.0;1.0
790049;RODRIGO NONAMOR PEREIRA MARIANO DE SOUZA;2008;PERMANENTE;0.0;0.0;1.0
41562;SONIA VIRGINIA ALVES FRANCA;2008;PERMANENTE;0.0;0.0;3.0
404001;SERGIO LUIZ FERREIRA DA SILVA;2008;PERMANENTE;0.0;0.0;1.0
383067;CARLOS ROMERO FERREIRA DE OLIVEIRA;2005;PERMANENTE;255.0;9.0;38.0
344111;GENIVAL BARROS JUNIOR;2007;PERMANENTE;104.0;7.0;19.0
359074;MAURICIO LUIZ DE MELLO VIEIRA LEITE;2014;PERMANENTE;138.0;5.0;28.0
115575;LUIZ GUILHERME MEDEIROS PESSOA;2012;PERMANENTE;292.0;9.0;31.0
445941;LINDOMAR MARIA DA SILVEIRA;2008;PERMANENTE;7.0;1.0;1.0
412234;CLAUDIA HELENA CYSNEIROS MATOS DE OLIVEIRA;2006;PERMANENTE;282.0;10.0;33.0
149730;FILIPE ROLIM CORDEIRO;2015;PERMANENTE;904.0;18.0;49.0
385084;MARIA DA CONCEICAO MORAES BATISTA;2008;PERMANENTE;3.0;1.0;2.0
83721;JOAO PAULO SILVA DO MONTE LIMA;2014;PERMANENTE;2.0;1.0;2.0
126163;SIDNEY DE CARVALHO NOGUEIRA;2011;PERMANENTE;164.0;8.0;22.0
7584;FERNANDO JORGE SAMPAIO MORAES;1985;PERMANENTE;3833.0;31.0;158.0
167189;RAFAEL FERREIRA LEITE DE MELLO;2015;PERMANENTE;147.0;7.0;47.0
352939;RICARDO ANDRE CAVALCANTE DE SOUZA;2008;PERMANENTE;188.0;5.0;13.0
127940;VICTOR WANDERLEY COSTA DE MEDEIROS;2013;PERMANENTE;183.0;6.0;20.0
131670;VALMIR MACARIO FILHO;2015;PERMANENTE;6.0;2.0;2.0
27655;FERNANDO ANTONIO AIRES LINS;2012;PERMANENTE;256.0;10.0;47.0
850175;GILBERTO AMADO DE AZEVEDO CYSNEIROS FILHO;2011;PERMANENTE;13.0;2.0;8.0
107875;ERICA TEIXEIRA GOMES DE SOUSA;2015;PERMANENTE;3.0;1.0;1.0
442579;RINALDO JOSE DE LIMA;2014;PERMANENTE;676.0;9.0;54.0
153244;GUSTAVO TABOADA SOLDATI;2013;PERMANENTE;771.0;15.0;38.0
5919;ADRIANO DO NASCIMENTO SIMOES;2008;PERMANENTE;626.0;14.0;69.0
119107;ANDRE LUIZ ALVES DE LIMA;2010;PERMANENTE;700.0;11.0;32.0
20478;ANTONIO DA SILVA SOUTO;1990;PERMANENTE;1891.0;27.0;79.0
164181;PATRICIA MUNIZ DE MEDEIROS;2012;PERMANENTE;2755.0;27.0;92.0
47457;ANA CAROLINA BORGES LINS E SILVA;2010;PERMANENTE;2.0;1.0;1.0
487632;FELIPE PIMENTEL LOPES DE MELO;2009;PERMANENTE;0.0;0.0;1.0
150532;TALINE CRISTINA DA SILVA;2014;PERMANENTE;38.0;3.0;6.0
822640;ROSANGELA GOMES TAVARES;2016;PERMANENTE;8.0;1.0;4.0
316623;SORAYA GIOVANETTI EL DEIR;2009;PERMANENTE;22.0;2.0;12.0
97911;ALEX SOUZA MORAES;2014;PERMANENTE;177.0;8.0;43.0
346247;VICTOR CASIMIRO PISCOYA;2012;PERMANENTE;137.0;5.0;24.0
1226561;PERICLES BARBOSA CUNHA DE MIRANDA;2016;PERMANENTE;743.0;14.0;72.0
132118;ANDRE CAMARA ALVES DO NASCIMENTO;2015;PERMANENTE;465.0;10.0;38.0
973594;GEORGE AUGUSTO VALENCA SANTOS;2016;PERMANENTE;427.0;9.0;48.0
715364;ALDO TORRES SALES;2017;PERMANENTE;202.0;7.0;27.0
360651;MARILDA NASCIMENTO CARVALHO;2012;PERMANENTE;586.0;13.0;24.0
339927;ROMILDO MORANT DE HOLANDA;2011;PERMANENTE;282.0;8.0;18.0
101702;ANDRE FELIPE DE MELO SALES SANTOS;2009;PERMANENTE;255.0;6.0;8.0
98904;DENISE MARIA BOTELHO;2005;PERMANENTE;142.0;4.0;4.0
102338;BRUNA TARCILIA FERRAZ;2012;PERMANENTE;22.0;1.0;1.0
610654;RODRIGO FELIPE RODRIGUES DO CARMO;2017;PERMANENTE;188.0;8.0;15.0
515041;ULYSSES PAULINO DE ALBUQUERQUE;2001;PERMANENTE;13610.0;60.0;435.0
113447;EMMANUELLE CHRISTINE CHAVES DA SILVA;2010;PERMANENTE;23.0;2.0;2.0
455871;KARLA KATIUSCIA NOBREGA DE ALMEIDA;2019;PERMANENTE;2.0;1.0;2.0
35174;ADILSON CELESTINO DE LIMA;2008;PERMANENTE;3.0;1.0;3.0
528017;TANIA NOBRE GONCALVES FERREIRA AMORIM;2001;PERMANENTE;1.0;1.0;4.0
311911;ANAILSON MARCIO GOMES;2013;PERMANENTE;65.0;5.0;12.0
357148;ALDO LEONARDO CUNHA CALLADO;2010;PERMANENTE;12.0;2.0;9.0
5432;ANDRE MACIEL NETTO;1998;PERMANENTE;89.0;5.0;8.0
975550;FERNANDO CARTAXO ROLIM NETO;2002;PERMANENTE;0.0;0.0;1.0
627784;CAROLINA CAVALCANTI FALCAO;2019;PERMANENTE;0.0;0.0;1.0
371338;FLAVIA MENDES DE ANDRADE E PERES;2007;PERMANENTE;68.0;2.0;7.0
411440;HUGO MONTEIRO FERREIRA;2007;PERMANENTE;125.0;2.0;2.0
88354;RAMON ENRIQUE RAMAYO GONZALEZ;2012;PERMANENTE;86.0;4.0;20.0
533842;ELINEIDE BARBOSA DE SOUZA;2002;PERMANENTE;17.0;1.0;1.0
305022;ROSANGELA CELY BRANCO LINDOSO;2017;PERMANENTE;3.0;1.0;1.0
385163;ANDREA PAIVA BOTELHO LAPENDA DE MOURA;2006;PERMANENTE;26.0;2.0;11.0
380962;PETRONIO JOSE DE LIMA MARTELLI;2010;PERMANENTE;;;
425318;MATEUS MATIUZZI DA COSTA;2007;PERMANENTE;2812.0;28.0;237.0
411159;FERNANDO JOSE DE PAULA CUNHA;2014;PERMANENTE;986.0;16.0;101.0
431520;LILIAN MARGARETE PAES GUIMARAES;2007;PERMANENTE;64.0;5.0;14.0
347321;EDNILZA MARANHAO DOS SANTOS;2013;PERMANENTE;12.0;2.0;4.0
454005;CARLOS HENRIQUE DOS ANJOS DOS SANTOS;2011;PERMANENTE;177.0;8.0;19.0
614808;EDGAR CORREA DE AMORIM FILHO;2019;PERMANENTE;7.0;1.0;1.0
45655;LUIZ FLAVIO ARREGUY MAIA FILHO;2004;PERMANENTE;77.0;5.0;10.0
438325;MERCIA RODRIGUES BARROS;2011;PERMANENTE;197.0;8.0;28.0
517710;PAULO ROBERTO SANTIAGO;1994;PERMANENTE;164.0;8.0;36.0
529260;MARCOS PAZ SARAIVA CAMARA;1999;PERMANENTE;3691.0;29.0;124.0
176808;MARCELO PEDRO DOS SANTOS;2014;PERMANENTE;3.0;1.0;2.0
83184;SERGIO VLADIMIR BARREIRO DEGIORGI;2005;PERMANENTE;10.0;2.0;3.0
397649;FABIANO BARBOSA MENDES DA SILVA;2015;PERMANENTE;3210.0;30.0;152.0
631714;ROSANA BLAWID;2008;PERMANENTE;480.0;11.0;44.0
437720;CLESSIUS SILVA;2015;PERMANENTE;54.0;5.0;9.0
526650;ANGELO BRAS FERNANDES CALLOU;1994;PERMANENTE;863.0;18.0;84.0
46436;MARIA SALETT TAUK SANTOS;1994;PERMANENTE;1.0;1.0;1.0
109994;JOSE WILSON DA SILVA;2009;PERMANENTE;604.0;13.0;85.0
458096;ALEXSANDRO DOS SANTOS MACHADO;2012;PERMANENTE;1.0;1.0;2.0
7335;MARIA LUIZA LINS E SILVA PIRES;1999;PERMANENTE;11.0;2.0;5.0
529211;CARLOS ANTONIO FERNANDES SANTOS;2001;PERMANENTE;0.0;0.0;2.0
614603;ITALO ROGER FERREIRA MORENO PINHEIRO DA SILVA;2016;PERMANENTE;134.0;7.0;21.0
325774;VINICIUS DANTAS DE ARAUJO;2013;PERMANENTE;10.0;2.0;4.0
41749;JONES OLIVEIRA DE ALBUQUERQUE;2002;PERMANENTE;356.0;10.0;26.0
613633;DANILO TEIXEIRA CAVALCANTE;2016;PERMANENTE;53.0;4.0;13.0
1219244;JONAS ROMERO FONSECA DE LIMA;2014;PERMANENTE;0.0;0.0;1.0
131153;ADEILSON PINHEIRO SEDRINS;2009;PERMANENTE;0.0;0.0;2.0
653189;FRANCISCO ROBERTO CAPORAL;1998;PERMANENTE;15.0;1.0;3.0
528426;BETANIA MACIEL DE ARAUJO;2002;PERMANENTE;60.0;4.0;22.0
711574;SEVERINO ALVES DE LUCENA FILHO;2005;PERMANENTE;77.0;5.0;10.0
423460;ANA VIRGINIA DE LIMA LEITE;2006;PERMANENTE;176.0;6.0;23.0
46556;DIMAS MENEZES;1998;PERMANENTE;198.0;9.0;26.0
832151;HUMBERSON ROCHA SILVA;2018;PERMANENTE;3.0;1.0;1.0
112504;ADRIANO DA SILVA MARQUES;2018;PERMANENTE;251.0;9.0;15.0
8138;ANTONIA SHERLANEA CHAVES VERAS;2000;PERMANENTE;1132.0;20.0;83.0
525181;IRENILDA DE SOUZA LIMA;2002;PERMANENTE;69.0;5.0;13.0
169377;JULIANO MARTINS SANTIAGO;2013;PERMANENTE;164.0;8.0;36.0
123469;MACIO FARIAS DE MOURA;2007;PERMANENTE;105.0;7.0;16.0
621677;EMANUELA POLIMENI DE MESQUITA;2018;PERMANENTE;65.0;4.0;19.0
681089;CARLINDO VITORIANO DOS SANTOS JUNIOR;2000;PERMANENTE;17.0;3.0;10.0
545410;ELIZABETE RODRIGUES DA SILVA;2004;PERMANENTE;88.0;1.0;1.0
539212;MARCIA BERSANE ARAUJO DE MEDEIROS TORRES;2003;PERMANENTE;55.0;5.0;13.0
98997;JORGE EDUARDO CAVALCANTE LUCENA;2011;PERMANENTE;158.0;6.0;28.0
301065;PRISCILA FABIANA MACEDO LOPES;2017;PERMANENTE;4.0;1.0;2.0
180328;VERONICA CRISTHINA DE SOUZA DINIZ;2017;PERMANENTE;65.0;5.0;18.0
390253;ANDRE LUIZ RODRIGUES MAGALHAES;2005;PERMANENTE;674.0;14.0;74.0
97376;ALEXANDRE TAVARES DA ROCHA;2007;PERMANENTE;201.0;8.0;16.0
5796;GUSTAVO PEREIRA DUDA;2014;PERMANENTE;930.0;17.0;53.0
16048;ALBERICIO PEREIRA DE ANDRADE;1992;PERMANENTE;657.0;13.0;92.0
162776;KEDMA MARIA SILVA PINTO;2013;PERMANENTE;2.0;1.0;1.0
152569;LUIZ CARLOS FONTES BAPTISTA FILHO;2016;PERMANENTE;14.0;1.0;1.0
10482;JOSICLEDA DOMICIANO GALVINCIO;2017;PERMANENTE;562.0;14.0;81.0
510651;RACHEL MARIA DE LYRA NEVES;2004;PERMANENTE;428.0;10.0;22.0
181539;JOAO TIAGO CORREIA OLIVEIRA;2016;PERMANENTE;158.0;5.0;21.0
132175;JEANDSON SILVA VIANA;2007;PERMANENTE;237.0;11.0;29.0
377882;WALLACE RODRIGUES TELINO JUNIOR;2005;PERMANENTE;46.0;2.0;2.0
143269;GERLA CASTELLO BRANCO CHINELATE;2013;PERMANENTE;21.0;3.0;3.0
11109;ANTONIO CELSO DANTAS ANTONINO;2005;PERMANENTE;660.0;17.0;34.0
510499;JOSE ROMUALDO DE SOUSA LIMA;2004;PERMANENTE;157.0;7.0;8.0
139127;MARCIEL TEIXEIRA DE OLIVEIRA;2014;PERMANENTE;356.0;6.0;14.0
120363;ADENILTON JOSE DA SILVA;2015;PERMANENTE;240.0;7.0;7.0
96710;WERONICA MEIRA DE SOUZA;2017;PERMANENTE;105.0;6.0;14.0
134920;ROMERO LUIZ MENDONCA SALES FILHO;2016;PERMANENTE;21.0;1.0;3.0
397284;TACIANA RABELO RAMALHO RAMOS;2007;PERMANENTE;48.0;3.0;7.0
139022;RICARDO BRAUER VIGODERIS;2006;PERMANENTE;14.0;1.0;1.0
43088;MARCELO METRI CORREA;2005;PERMANENTE;1025.0;17.0;72.0
161439;SAULO DE TARSO GUSMAO DA SILVA;2015;PERMANENTE;13.0;2.0;3.0
23219;AIRON APARECIDO SILVA DE MELO;2004;PERMANENTE;332.0;10.0;31.0
423263;RICARDO ALEXANDRE SILVA PESSOA;2007;PERMANENTE;230.0;8.0;23.0
156452;RODOLFO JOSE CAVALCANTI SOUTO;2017;PERMANENTE;184.0;9.0;36.0
225995;RENATO JOSE REIS MOLICA;2003;PERMANENTE;2094.0;15.0;24.0
134569;ERIKA VALENTE DE MEDEIROS;2007;PERMANENTE;1879.0;21.0;155.0
6400;MARIZETE SILVA SANTOS;2000;PERMANENTE;1.0;1.0;1.0
472402;MARCELO MENDONCA;2011;PERMANENTE;908.0;14.0;33.0
6013;DULCIENE KARLA DE ANDRADE SILVA;2006;PERMANENTE;150.0;7.0;15.0
514443;CESAR AUGUSTE BADJI;2019;PERMANENTE;331.0;9.0;25.0
538321;EDILMA PEREIRA GONCALVES;2003;PERMANENTE;503.0;13.0;54.0
422823;MARIO ADRIANO AVILA QUEIROZ;2008;PERMANENTE;885.0;17.0;104.0
393019;NILSON PEREIRA DE CARVALHO;2008;PERMANENTE;741.0;13.0;68.0
5541;LUIZ CARLOS MARANGON;1999;PERMANENTE;478.0;13.0;50.0
18886;FABIO HISSA VIEIRA HAZIN;1994;PERMANENTE;3478.0;31.0;168.0
236776;MARCELO MACHADO MARTINS;2005;PERMANENTE;100.0;3.0;4.0
36207;MARCIA PRAGANA DANTAS;1998;PERMANENTE;5.0;2.0;4.0
9442;JOSEANA MARIA SARAIVA;2009;PERMANENTE;665.0;15.0;24.0
514724;MARCELO BRITO CARNEIRO LEAO;1999;PERMANENTE;9.0;2.0;8.0
47550;CLAUDIA CRISTINA CARDOSO BEJAN;2006;PERMANENTE;322.0;11.0;13.0
803946;ANDRELINA MARIA PINHEIRO SANTOS;2015;PERMANENTE;1281.0;21.0;74.0
415565;ROBSON MAGNO LIBERAL VERAS;2006;PERMANENTE;382.0;12.0;27.0
83841;DORGIVAL MORAIS DE LIMA JUNIOR;2012;PERMANENTE;848.0;15.0;136.0
16307;SIGRID NEUMANN LEITAO;1994;PERMANENTE;1624.0;21.0;93.0
618179;MARIA ALICE VASCONCELOS ROCHA;2007;PERMANENTE;176.0;4.0;8.0
657074;LAURA SUSANA DUQUE ARRAZOLA;2004;PERMANENTE;5.0;1.0;1.0
1368216;LINDOMAR JOSE PENA;2011;PERMANENTE;3150.0;37.0;169.0
489372;MARLENE MARIA OGLIARI;1999;PERMANENTE;;;
195268;UEDER PEDRO LOPES;2014;PERMANENTE;572.0;11.0;35.0
18788;WILSON MOREIRA DUTRA JUNIOR;2000;PERMANENTE;11.0;2.0;4.0
33687;LUCIA DE FATIMA DE CARVALHO CHAVES;1996;PERMANENTE;12.0;1.0;2.0
189220;WASHINGTON SOARES FERREIRA JUNIOR;2015;PERMANENTE;1151.0;20.0;71.0
11194;BERNARDO BARBOSA DA SILVA;1996;PERMANENTE;1636.0;23.0;97.0
95375;ANTONY CARDOSO BEZERRA;2006;PERMANENTE;0.0;0.0;1.0
131743;MARCELO ALVES RAMOS;2011;PERMANENTE;2034.0;24.0;60.0
157633;ENIO WOCYLI DANTAS;2010;PERMANENTE;569.0;12.0;36.0
6742;RAFAEL DUEIRE LINS;1986;PERMANENTE;1388.0;19.0;102.0
122453;WELLINGTON ROMERO SERAFIM FREIRE;2015;PERMANENTE;1202.0;21.0;106.0
998437;HECTOR RAUL MONTAGNE DUGROS;1996;PERMANENTE;;;
101707;CAIO VELOSO SATIRO;2007;PERMANENTE;196.0;7.0;13.0
431535;DANIELE SILVA RIBEIRO;2017;PERMANENTE;9.0;2.0;4.0
433307;MATHEUS DHEIN DILL;2014;PERMANENTE;134.0;7.0;17.0
411449;MARIA ANGELA CALDAS DIDIER;2011;PERMANENTE;23.0;1.0;1.0
467860;ANA CRISTINA LAUER GARCIA;2006;PERMANENTE;15.0;1.0;1.0
1361759;CONCEICAO APARECIDA SOARES MENDONCA;2012;PERMANENTE;24.0;2.0;2.0
538058;ALBERTO EINSTEIN PEREIRA DE ARAUJO;2002;PERMANENTE;10.0;1.0;1.0
47077;AUREA WISCHRAL;1999;PERMANENTE;463.0;13.0;36.0
451159;ERILANE DE CASTRO LIMA MACHADO;2006;PERMANENTE;0.0;0.0;2.0
18943;EUDES DE SOUZA CORREIA;1998;PERMANENTE;0.0;0.0;1.0
71432;CELIANE GOMES MAIA DA SILVA;2007;PERMANENTE;48.0;4.0;8.0
514938;MARGARETH FERREIRA DE SALES;1993;PERMANENTE;1457.0;17.0;96.0
21289;SONIA MARIA BARRETO PEREIRA;1978;PERMANENTE;6.0;2.0;3.0
11623;ANGELA MARIA VIEIRA BATISTA;1990;PERMANENTE;1404.0;21.0;107.0
514211;ENAYDE DE ALMEIDA MELO;2002;PERMANENTE;1106.0;17.0;31.0
520657;ZELIA MARIA SOARES JOFILI;1996;PERMANENTE;94.0;6.0;9.0
46490;SEVERINO MENDES DE AZEVEDO JUNIOR;1999;PERMANENTE;0.0;0.0;1.0
19183;REJANE JUREMA MANSUR CUSTODIO NOGUEIRA;1997;PERMANENTE;993.0;18.0;32.0
126212;SAVIO ROBERTO FONSECA DE FREITAS;2012;PERMANENTE;1139.0;22.0;65.0
19707;REGINALDO BARROS;1998;PERMANENTE;1090.0;20.0;63.0
509724;VALDEREZ PONTES MATOS;1988;PERMANENTE;356.0;11.0;32.0
510783;MAITE KULESZA;2005;PERMANENTE;24.0;2.0;2.0
607480;ANISIO FRANCISCO SOARES;2005;PERMANENTE;471.0;10.0;33.0
366492;OMER CAVALCANTI DE ALMEIDA;2008;PERMANENTE;110.0;7.0;14.0
511069;ADRIANA GUIM;1997;PERMANENTE;967.0;17.0;79.0
538845;KALINA VANDERLEI PAIVA DA SILVA;2003;PERMANENTE;305.0;6.0;17.0
417269;MONICA LUCIA BOTTER CARVALHO;2007;PERMANENTE;152.0;8.0;17.0
510198;IRANILSON BURITI DE OLIVEIRA;2002;PERMANENTE;819.0;14.0;92.0
426221;VICENTE IMBROISI TEIXEIRA;2010;PERMANENTE;91.0;5.0;11.0
11390;ROSA DE LIMA RAMOS MARIANO;1986;PERMANENTE;28.0;2.0;2.0
17617;MARIO DE ANDRADE LIRA;1974;PERMANENTE;537.0;13.0;34.0
1505119;MARIA EULALIA DE MORAES MELO;1993;PERMANENTE;18.0;3.0;8.0
344385;VERA LUCIA ARROXELAS GALVAO DE LIMA;2005;PERMANENTE;284.0;5.0;9.0
535011;MARIA APARECIDA DA GLORIA FAUSTINO;1993;PERMANENTE;704.0;17.0;49.0
144796;DANIELA MOREIRA DE CARVALHO;2013;PERMANENTE;2.0;1.0;1.0
36929;JARCILENE SILVA DE ALMEIDA;1997;PERMANENTE;432.0;13.0;44.0
160945;LEANDRO MANZONI VIEIRA;2012;PERMANENTE;40.0;3.0;4.0
441911;MARCELO FRANCISCO POMPELLI;2007;PERMANENTE;1665.0;22.0;69.0
137966;ALVARO JOSE DE ALMEIDA BICUDO;2008;PERMANENTE;706.0;14.0;40.0
528058;VALBERES BERNARDO DO NASCIMENTO;1998;PERMANENTE;816.0;18.0;31.0
41329;KLEBER REGIS SANTORO;2004;PERMANENTE;265.0;9.0;45.0
538242;BOGDAN DOBOSZEWSKI;1983;PERMANENTE;848.0;15.0;51.0
172788;ALESSANDRO NICOLI;2013;PERMANENTE;130.0;7.0;20.0
3029702;SOPHIE ANNICK NATHALIE LANCO BERTRAND;2005;PERMANENTE;7315.0;50.0;166.0
513475;PERICLES DE ALBUQUERQUE MELO FILHO;2003;PERMANENTE;201.0;6.0;7.0
22729;SEVERINO BENONE PAES BARBOSA;1990;PERMANENTE;247.0;9.0;33.0
342467;MARIA ANGELA DE FARIA GRILLO;2005;PERMANENTE;129.0;4.0;24.0
14194;LILIA GOMES WILLADINO;1993;PERMANENTE;1186.0;18.0;68.0
124353;JULIANO BANDEIRA LIMA;2008;PERMANENTE;406.0;12.0;50.0
13402;RONALDO OLIVERA CAVALLI;2000;PERMANENTE;2731.0;23.0;79.0
179100;DOMINGOS SAVIO PEREIRA SALAZAR;2010;PERMANENTE;246.0;10.0;30.0
10748;GILVAN PIO RIBEIRO;1979;PERMANENTE;0.0;0.0;1.0
11388;TEREZINHA DE JESUS RANGEL CAMARA;1994;PERMANENTE;833.0;15.0;49.0
7899;SONIA MARIA ALVES DE OLIVEIRA;1991;PERMANENTE;11.0;1.0;2.0
142332;CAROLINA NUNES LIBERAL;2016;COLABORADOR;361.0;9.0;14.0
184177;ANDRE DA SILVA XAVIER;2016;COLABORADOR;12.0;2.0;2.0
111255;MARIA BETANIA DE QUEIROZ ROLIM;2013;COLABORADOR;31.0;3.0;17.0
368294;CYNTHIA XAVIER DE CARVALHO;2008;COLABORADOR;741.0;13.0;68.0
195077;RALPH SANTOS OLIVEIRA;2009;COLABORADOR;819.0;14.0;92.0
521034;REGINA CELIA BRESSAN QUEIROZ DE FIGUEIREDO;2000;COLABORADOR;2.0;1.0;1.0
137145;JULIANA MOURA DE LUNA;2010;COLABORADOR;10.0;1.0;1.0
117434;DARCILENE CLAUDIO GOMES;2009;COLABORADOR;648.0;8.0;18.0
144089;EDER GALINARI FERREIRA;2016;COLABORADOR;235.0;6.0;8.0
464390;JOSE IRANILDO MIRANDA DE MELO;2007;COLABORADOR;0.0;0.0;1.0
622478;LUCAS DOS SANTOS FERNANDES;2019;COLABORADOR;3.0;1.0;1.0
442226;JOACY VICENTE FERREIRA;2008;COLABORADOR;1090.0;19.0;82.0
240102;VICENTE DE PAULO SILVA;2007;COLABORADOR;238.0;9.0;10.0
6156;CARMEN SILVIA ZICKEL;1995;COLABORADOR;1826.0;13.0;33.0
1194884;LEONARDO DA SILVA CHAVES;2020;COLABORADOR;39.0;2.0;2.0
196187;JONAS ALBERTO RIOS;2016;COLABORADOR;1096.0;17.0;43.0
175253;YGOR JACQUES AGRA BEZERRA DA SILVA;2016;COLABORADOR;960.0;20.0;45.0
257336;SILVANA BOCANEGRA;2006;COLABORADOR;90.0;5.0;7.0
377856;ANDRE GUSTAVO CARVALHO MACHADO;2005;COLABORADOR;102.0;3.0;4.0
479903;JOSE GERALDO EUGENIO DE FRANCA;1990;COLABORADOR;25.0;2.0;7.0
405894;MARIA GILCA PINTO XAVIER;2006;COLABORADOR;14.0;2.0;2.0
657333;ELLEN CORDEIRO BENTO DA SILVA;2014;COLABORADOR;84.0;4.0;8.0
108965;GRAZIELLE ANAHY DE SOUSA ALEIXO CAVALCANTI;2010;COLABORADOR;0.0;0.0;1.0
511306;MATEUS ROSAS RIBEIRO FILHO;2003;COLABORADOR;182.0;8.0;11.0
513963;FABRICIO BEZERRA DE SA;1999;COLABORADOR;70.0;2.0;2.0
46384;FABIANO SELLOS COSTA;2006;COLABORADOR;226.0;7.0;69.0
709990;EVILDA RODRIGUES DE LIMA;2003;COLABORADOR;96.0;4.0;17.0
116459;LAURA LEANDRO DA ROCHA;2009;COLABORADOR;28.0;3.0;4.0
255845;MARIA APARECIDA TENORIO SALVADOR DA COSTA;2009;COLABORADOR;87.0;4.0;5.0
79308;JOSIMAR MENDES DE VASCONCELOS;2018;COLABORADOR;21.0;3.0;11.0
973460;LUCIAN BOGDAN BEJAN;2000;COLABORADOR;246.0;5.0;7.0
314696;LILIAN FRANCISCO ARANTES DE SOUZA;2013;COLABORADOR;187.0;5.0;18.0
530856;SUELY ALVES DA SILVA;2002;COLABORADOR;9.0;1.0;1.0
115711;JULIANA FERREIRA DOS SANTOS;2013;COLABORADOR;1.0;1.0;1.0
412231;CERES DUARTE GUEDES CABRAL DE ALMEIDA;2008;COLABORADOR;152.0;8.0;32.0
157914;THIAGO ARAUJO DA SILVEIRA;2017;COLABORADOR;7.0;1.0;2.0
360765;ANGELICA VIRGINIA VALOIS MONTARROYOS;2005;COLABORADOR;76.0;5.0;12.0
1269643;FREDERICO INACIO COSTA DE OLIVEIRA;2018;COLABORADOR;0.0;0.0;1.0
986372;LEONARDO FERRAZ XAVIER;2013;COLABORADOR;15.0;2.0;6.0
437116;PABRICIO MARCOS OLIVEIRA LOPES;2006;COLABORADOR;614.0;14.0;57.0
411477;MANASSES MESQUITA DA SILVA;2010;COLABORADOR;0.0;0.0;2.0
155677;REJANE RODRIGUES DA COSTA E CARVALHO;2011;COLABORADOR;7.0;1.0;3.0
281703;CRISTIANE GUISELINI PANDORFI;2006;COLABORADOR;1164.0;18.0;117.0
171788;ANNA CAROLINA SOARES ALMEIDA;2013;COLABORADOR;171.0;9.0;14.0
41145;JOSE MARIA GOMES DE SOUZA NETO;2005;COLABORADOR;0.0;0.0;1.0
447389;MARIA TACIANA CAVALCANTI VIEIRA SOARES;2005;COLABORADOR;10.0;2.0;3.0
150685;GILVANIA LUCIA DA SILVA VILELA;2013;COLABORADOR;0.0;0.0;1.0
127233;ALEXANDRE CAMPELO DE OLIVEIRA;2012;COLABORADOR;31.0;2.0;5.0
404173;GLAUCO ESTACIO GONCALVES;2012;COLABORADOR;751.0;13.0;54.0
630266;MARIA FERNANDA DE LA FUENTE CASTELLON;2019;COLABORADOR;6.0;2.0;3.0
94583;POMPEIA DE VILLACHAN E LYRA;2007;COLABORADOR;28.0;3.0;5.0
194543;OTAVIO AUGUSTO ALVES DOS SANTOS;2017;COLABORADOR;193.0;9.0;31.0
646145;MOISES DE MELO SANTANA;2000;COLABORADOR;10.0;2.0;5.0
133346;DIEGO DE SOUZA BUARQUE;2012;COLABORADOR;389.0;12.0;16.0
374215;VALMIR CRISTIANO MARQUES DE ARRUDA;2011;COLABORADOR;0.0;0.0;1.0
167634;DIOGO MARTINS NUNES;2015;COLABORADOR;118.0;6.0;12.0
529381;MARIA DAS GRACAS ANDRADE ATAIDE DE ALMEIDA;1995;COLABORADOR;1.0;1.0;2.0
523144;PAULO DE JESUS;1992;COLABORADOR;11.0;1.0;1.0
134098;BRUNO KAROL CORDEIRO FILGUEIRAS;2015;COLABORADOR;1395.0;17.0;30.0
965887;SERGIO MONTHEZUMA SANTOIANNI GUERRA;1998;COLABORADOR;132.0;8.0;11.0
10641;EDUARDO ALBERTO TUDURY;1996;COLABORADOR;77.0;5.0;46.0
990990;VIRGINIA MEDEIROS DE SIQUEIRA;2011;COLABORADOR;358.0;10.0;12.0
534427;ROSIMAR DOS SANTOS MUSSER;2001;COLABORADOR;338.0;8.0;21.0
113812;ERMS RODRIGUES PEREIRA;2011;COLABORADOR;212.0;11.0;22.0
13494;NEWTON PEREIRA STAMFORD;1978;COLABORADOR;1236.0;22.0;67.0
7486;MARLEYNE JOSE AFONSO ACCIOLY LINS AMORIM;2000;COLABORADOR;156.0;6.0;31.0
280344;SILVIA ELAINE RODOLFO DE SA LORENA;2010;COLABORADOR;45.0;4.0;4.0
20460;MARIA ADELIA BORSTELMANN DE OLIVEIRA;1998;COLABORADOR;45.0;3.0;3.0
147069;PEDRO GREGORIO VIEIRA AQUINO;2016;COLABORADOR;272.0;8.0;23.0
74257;THIBERIO PINHO COSTA SOUZA;2015;COLABORADOR;966.0;19.0;74.0
525751;ERNANDE BARBOSA DA COSTA;1999;COLABORADOR;135.0;6.0;17.0
256401;MAURICIO CLAUDIO HORTA;2006;COLABORADOR;3575.0;30.0;94.0
1057292;VERONICA SOARES FERNANDES;2020;COLABORADOR;10.0;1.0;1.0
133790;CHRISTINI BARBOSA CASELLI;2013;COLABORADOR;431.0;14.0;20.0
21331;JOSE VARGAS DE OLIVEIRA;1978;COLABORADOR;363.0;11.0;17.0
806196;ALMIR SILVEIRA MENELAU;1993;COLABORADOR;0.0;0.0;1.0
806187;ANDRE MARQUES CAVALCANTI;2004;COLABORADOR;6.0;1.0;1.0
330897;FLAVIA ZIMMERLE DA NOBREGA COSTA;2015;COLABORADOR;226.0;7.0;69.0
283900;MARCOS RIBEIRO DA SILVA VIEIRA;2011;COLABORADOR;11.0;2.0;5.0
12103;ROBERTO SOARES DE CASTRO;1998;COLABORADOR;733.0;16.0;50.0
9502;SALOMAO ALENCAR DE FARIAS;1998;COLABORADOR;10.0;1.0;1.0
67573;THIAGO ANTONIO DE SOUSA ARAUJO;2012;COLABORADOR;8.0;1.0;1.0
531307;SUELY CRISTINA ALBUQUERQUE DE LUNA;2001;COLABORADOR;10.0;1.0;1.0
10158;ETIENNE AMORIM ALBINO DA SILVA MARTINS;2015;COLABORADOR;3.0;1.0;1.0
398427;ANALICE DE ALMEIDA LIMA;2008;COLABORADOR;78.0;6.0;19.0
106397;PEDRO HUGO DE FIGUEIREDO;2006;COLABORADOR;122.0;6.0;13.0
654413;JUAN CARLOS ALVAREZ PIZARRO;2010;COLABORADOR;24.0;3.0;3.0
203950;MARIA FRANCO TRINDADE MEDEIROS;2007;COLABORADOR;5.0;1.0;1.0
24225;XIRLEY PEREIRA NUNES;2008;COLABORADOR;1029.0;19.0;30.0
837642;LUCIA DE FATIMA ARAUJO;2009;COLABORADOR;414.0;12.0;29.0
5375;VALDIR DE QUEIROZ BALBINO;2002;COLABORADOR;;;
538060;ANA CHRISTINA BRASILEIRO VIDAL;2003;COLABORADOR;702.0;16.0;54.0
523138;GERSON QUIRINO BASTOS;1995;COLABORADOR;109.0;7.0;16.0
131390;JULIANA SANTOS SILVA;2013;COLABORADOR;8.0;1.0;1.0
13310;MARCELO CAMARA DOS SANTOS;1995;COLABORADOR;3.0;1.0;2.0
572647;DARCLET TERESINHA DOS SANTOS MALERBO;1996;COLABORADOR;88.0;5.0;13.0
140651;LUCIANA FELIZARDO PEREIRA SOARES;2014;COLABORADOR;131.0;7.0;17.0
145834;LEONARDO BARROS RIBEIRO;2010;COLABORADOR;512.0;13.0;50.0
38037;FRANCISCO LUIZ DOS SANTOS;1999;COLABORADOR;25.0;2.0;2.0
510584;ELBA MARIA NOGUEIRA FERRAZ RAMOS;2002;COLABORADOR;10.0;2.0;2.0
531192;NADJA MARIA ACIOLY REGNIER;1994;COLABORADOR;;;
78743;ALBERTO CESAR CAVALCANTI FRANCA;2014;COLABORADOR;1051.0;18.0;52.0
125750;KLEBER ANDRADE DA SILVA;2009;COLABORADOR;0.0;0.0;1.0
105879;MICHELLE RAYSSA PEREIRA DE MELO;2014;COLABORADOR;1.0;1.0;1.0
8156;SILVIO CESAR SAMPAIO;1999;COLABORADOR;5256.0;38.0;156.0
46613;MARCILIO DE AZEVEDO;2004;COLABORADOR;3.0;1.0;1.0
593594;GUILHERME VILAR;1990;COLABORADOR;65.0;3.0;9.0
140621;THAYSA RODRIGUES TORRES;2014;COLABORADOR;149.0;7.0;22.0
637869;THAIS EMANUELLE MONTEIRO DOS SANTOS SOUZA;2010;COLABORADOR;17.0;2.0;2.0
109523;AILTON FERNANDES DE MACEDO JUNIOR;2006;COLABORADOR;2.0;1.0;1.0
39690;MONICA MARIA LINS SANTIAGO;2005;COLABORADOR;5.0;1.0;1.0
355788;MARCIA ALMEIDA DE MELO;2006;COLABORADOR;0.0;0.0;2.0
534957;FERNANDA MARIA DUARTE DO AMARAL;1997;COLABORADOR;296.0;11.0;16.0
25894;HUMBERTO GOMES HAZIN;2006;COLABORADOR;613.0;13.0;28.0
385464;MARCELO DE OLIVEIRA MILFONT;2012;COLABORADOR;55.0;3.0;3.0
275298;ISABELLE MARIA JACQUELINE MEUNIER;2014;COLABORADOR;168.0;7.0;13.0
973761;ANDRE AUGUSTO PIMENTEL LIESEN NASCIMENTO;2012;COLABORADOR;465.0;10.0;38.0
125951;JOAO HUGO BARACUY DA CUNHA CAMPOS;2010;COLABORADOR;27.0;2.0;4.0
115841;WILSON TREGER ZYDOWICZ DE SOUSA;2012;COLABORADOR;312.0;9.0;40.0
352727;FABIANA DE FATIMA BRUCE DA SILVA;2005;COLABORADOR;28.0;1.0;1.0
960571;MONALISA ALVES DINIZ DA SILVA CAMARGO PINTO;2003;COLABORADOR;18.0;3.0;4.0
124077;KEDES PAULO PEREIRA;2010;COLABORADOR;56.0;5.0;11.0
370407;CLARA NILCE BARBOSA;2005;COLABORADOR;73.0;5.0;14.0
99125;REINALDO FARIAS PAIVA DE LUCENA;2009;COLABORADOR;1817.0;18.0;77.0
516773;HELCIO JOSE BATISTA;2003;COLABORADOR;356.0;7.0;8.0
512544;LUCIANO AVALLONE BUENO;2003;COLABORADOR;1404.0;20.0;68.0
383837;MARCELO WEINSTEIN TEIXEIRA;2007;COLABORADOR;62.0;4.0;16.0
31069;MARIA DE MASCENA DINIZ MAIA;2000;COLABORADOR;247.0;11.0;20.0
375114;CLAUDIA ROBERTA DE ARAUJO GOMES;2005;COLABORADOR;2.0;1.0;2.0
382801;RITA DE CASSIA SOARES CARDOSO;2005;COLABORADOR;175.0;6.0;11.0
538115;SILVIO ROMERO DE LEMOS MEIRA;1985;COLABORADOR;2532.0;26.0;228.0
535701;ALICE DE JESUS KOZAKEVICIUS;2002;COLABORADOR;647.0;11.0;28.0
19958;EVERARDO VALADARES DE SA BARRETO SAMPAIO;1973;COLABORADOR;5256.0;38.0;156.0
17143;NEUZA MARIA DA SILVA;1994;COLABORADOR;3210.0;30.0;152.0
101849;LINCOLN ELOI DE ARAUJO;2010;COLABORADOR;60.0;4.0;22.0
6685;LUCIA MARIA GOES MOUTINHO;1995;COLABORADOR;4.0;1.0;1.0
98255;FERNANDO JOAQUIM FERREIRA MAIA;2012;COLABORADOR;224.0;7.0;18.0
1384342;ANTONIO NEVES DUARTE TEODORO;1999;COLABORADOR;116.0;6.0;62.0
7843;RUSSELL PARRY SCOTT;1981;COLABORADOR;1083.0;18.0;42.0
378506;ERICA PIROS KOVACS;2009;COLABORADOR;14.0;1.0;5.0
793298;JULIA KUKLINSKY SOBRAL;2004;COLABORADOR;79.0;3.0;4.0
709931;FERNANDO LEANDRO DOS SANTOS;2002;COLABORADOR;2.0;1.0;1.0
112184;AURELIO PAES BARROS JUNIOR;2008;COLABORADOR;976.0;15.0;150.0
7638;MARIA DAS DORES SARAIVA DE LORETO;1986;COLABORADOR;206.0;7.0;12.0
5866;PAULO DE PAULA MENDES;1992;COLABORADOR;86.0;6.0;10.0
