ID_PESSOA;CD_PROGRAMA_IES;NM_PROGRAMA_IES;NM_AREA_CONHECIMENTO
42511;33283010001P5;ENSINO DE FÍSICA - PROFIS;CIÊNCIAS E HUMANIDADES PARA A EDUCAÇÃO BÁSICA
9501;53045009001P3;ADMINISTRAÇÃO PÚBLICA EM REDE NACIONAL;ADMINISTRAÇÃO
122287;25003011071P8;BIODIVERSIDADE E CONSERVAÇÃO;ECOLOGIA
187632;25003011071P8;BIODIVERSIDADE E CONSERVAÇÃO;ECOLOGIA
147493;25003011071P8;BIODIVERSIDADE E CONSERVAÇÃO;ECOLOGIA
141225;25003011071P8;BIODIVERSIDADE E CONSERVAÇÃO;ECOLOGIA
140659;25003011071P8;BIODIVERSIDADE E CONSERVAÇÃO;ECOLOGIA
163913;25003011073P0;SAÚDE ÚNICA;MEDICINA VETERINÁRIA
533336;22003010017P5;BIOTECNOLOGIA - REDE RENORBIO;BIOTECNOLOGIA
28374;53045009001P3;ADMINISTRAÇÃO PÚBLICA EM REDE NACIONAL;ADMINISTRAÇÃO
7960;25003011003P2;CIÊNCIA DO SOLO;AGRONOMIA
159948;25003011003P2;CIÊNCIA DO SOLO;AGRONOMIA
497024;33283010001P5;ENSINO DE FÍSICA - PROFIS;CIÊNCIAS E HUMANIDADES PARA A EDUCAÇÃO BÁSICA
809578;25003011071P8;BIODIVERSIDADE E CONSERVAÇÃO;ECOLOGIA
353362;53045009001P3;ADMINISTRAÇÃO PÚBLICA EM REDE NACIONAL;ADMINISTRAÇÃO
16179;25003011003P2;CIÊNCIA DO SOLO;AGRONOMIA
718473;53045009001P3;ADMINISTRAÇÃO PÚBLICA EM REDE NACIONAL;ADMINISTRAÇÃO
99913;25003011071P8;BIODIVERSIDADE E CONSERVAÇÃO;ECOLOGIA
513523;25003011073P0;SAÚDE ÚNICA;MEDICINA VETERINÁRIA
461070;25003011073P0;SAÚDE ÚNICA;MEDICINA VETERINÁRIA
37249;53045009001P3;ADMINISTRAÇÃO PÚBLICA EM REDE NACIONAL;ADMINISTRAÇÃO
433307;25003011073P0;SAÚDE ÚNICA;MEDICINA VETERINÁRIA
459935;25003011073P0;SAÚDE ÚNICA;MEDICINA VETERINÁRIA
45655;53045009001P3;ADMINISTRAÇÃO PÚBLICA EM REDE NACIONAL;ADMINISTRAÇÃO
129552;25003011003P2;CIÊNCIA DO SOLO;AGRONOMIA
709967;25003011073P0;SAÚDE ÚNICA;MEDICINA VETERINÁRIA
142332;25003011001P0;BIODIVERSIDADE;BOTÂNICA
829686;25003011074P7;ENGENHARIA FÍSICA;MATERIAIS
6023;22003010017P5;BIOTECNOLOGIA - REDE RENORBIO;BIOTECNOLOGIA
981046;25003011074P7;ENGENHARIA FÍSICA;MATERIAIS
2155472;25003011074P7;ENGENHARIA FÍSICA;MATERIAIS
524999;22003010017P5;BIOTECNOLOGIA - REDE RENORBIO;BIOTECNOLOGIA
152152;31075010001P2;MATEMÁTICA EM REDE NACIONAL;CIÊNCIAS E HUMANIDADES PARA A EDUCAÇÃO BÁSICA
980962;25003011001P0;BIODIVERSIDADE;BOTÂNICA
384338;31001017169P2;QUÍMICA EM REDE NACIONAL;CIÊNCIAS E HUMANIDADES PARA A EDUCAÇÃO BÁSICA
174057;25003011074P7;ENGENHARIA FÍSICA;MATERIAIS
535312;31001017169P2;QUÍMICA EM REDE NACIONAL;CIÊNCIAS E HUMANIDADES PARA A EDUCAÇÃO BÁSICA
440627;25003011001P0;BIODIVERSIDADE;BOTÂNICA
341320;31001017169P2;QUÍMICA EM REDE NACIONAL;CIÊNCIAS E HUMANIDADES PARA A EDUCAÇÃO BÁSICA
97417;33004137068P8;PROEF - EDUCAÇÃO FÍSICA EM REDE NACIONAL;CIÊNCIAS E HUMANIDADES PARA A EDUCAÇÃO BÁSICA
536086;25003011002P6;FITOPATOLOGIA;AGRONOMIA
132272;31075010001P2;MATEMÁTICA EM REDE NACIONAL;CIÊNCIAS E HUMANIDADES PARA A EDUCAÇÃO BÁSICA
526674;22003010017P5;BIOTECNOLOGIA - REDE RENORBIO;BIOTECNOLOGIA
2391192;25003011074P7;ENGENHARIA FÍSICA;MATERIAIS
705974;25003011074P7;ENGENHARIA FÍSICA;MATERIAIS
517435;22003010017P5;BIOTECNOLOGIA - REDE RENORBIO;BIOTECNOLOGIA
511867;25003011074P7;ENGENHARIA FÍSICA;MATERIAIS
15222;31001017169P2;QUÍMICA EM REDE NACIONAL;CIÊNCIAS E HUMANIDADES PARA A EDUCAÇÃO BÁSICA
512174;25003011001P0;BIODIVERSIDADE;BOTÂNICA
528313;31001017169P2;QUÍMICA EM REDE NACIONAL;CIÊNCIAS E HUMANIDADES PARA A EDUCAÇÃO BÁSICA
15222;27001016180P4;REDE NORDESTE DE ENSINO - RENOEN;ENSINO
67528;25003011001P0;BIODIVERSIDADE;BOTÂNICA
169342;27001016180P4;REDE NORDESTE DE ENSINO - RENOEN;ENSINO
47600;25003011001P0;BIODIVERSIDADE;BOTÂNICA
395509;27001016180P4;REDE NORDESTE DE ENSINO - RENOEN;ENSINO
184177;25003011002P6;FITOPATOLOGIA;AGRONOMIA
614801;31075010001P2;MATEMÁTICA EM REDE NACIONAL;CIÊNCIAS E HUMANIDADES PARA A EDUCAÇÃO BÁSICA
137150;31075010001P2;MATEMÁTICA EM REDE NACIONAL;CIÊNCIAS E HUMANIDADES PARA A EDUCAÇÃO BÁSICA
5549;22003010017P5;BIOTECNOLOGIA - REDE RENORBIO;BIOTECNOLOGIA
24073;25003011074P7;ENGENHARIA FÍSICA;MATERIAIS
112439;25003011075P3;ESTUDOS DA LINGUAGEM;LETRAS
166130;22003010017P5;BIOTECNOLOGIA - REDE RENORBIO;BIOTECNOLOGIA
129317;25003011075P3;ESTUDOS DA LINGUAGEM;LETRAS
416578;27001016180P4;REDE NORDESTE DE ENSINO - RENOEN;ENSINO
511264;25003011001P0;BIODIVERSIDADE;BOTÂNICA
439398;25020013042P2;AGROECOLOGIA E DESENVOLVIMENTO TERRITORIAL;INTERDISCIPLINAR
452126;25020013042P2;AGROECOLOGIA E DESENVOLVIMENTO TERRITORIAL;INTERDISCIPLINAR
513434;25003011001P0;BIODIVERSIDADE;BOTÂNICA
409709;25003011075P3;ESTUDOS DA LINGUAGEM;LETRAS
7988;22003010017P5;BIOTECNOLOGIA - REDE RENORBIO;BIOTECNOLOGIA
159355;25003011075P3;ESTUDOS DA LINGUAGEM;LETRAS
83925;25003011001P0;BIODIVERSIDADE;BOTÂNICA
1050273;31001017169P2;QUÍMICA EM REDE NACIONAL;CIÊNCIAS E HUMANIDADES PARA A EDUCAÇÃO BÁSICA
679142;25003011074P7;ENGENHARIA FÍSICA;MATERIAIS
124357;25003011075P3;ESTUDOS DA LINGUAGEM;LETRAS
6530;22003010017P5;BIOTECNOLOGIA - REDE RENORBIO;BIOTECNOLOGIA
602673;25020013042P2;AGROECOLOGIA E DESENVOLVIMENTO TERRITORIAL;INTERDISCIPLINAR
281608;25003011075P3;ESTUDOS DA LINGUAGEM;LETRAS
6614;25020013042P2;AGROECOLOGIA E DESENVOLVIMENTO TERRITORIAL;INTERDISCIPLINAR
510191;25003011001P0;BIODIVERSIDADE;BOTÂNICA
969945;25020013042P2;AGROECOLOGIA E DESENVOLVIMENTO TERRITORIAL;INTERDISCIPLINAR
102188;25020013042P2;AGROECOLOGIA E DESENVOLVIMENTO TERRITORIAL;INTERDISCIPLINAR
1015676;25003011001P0;BIODIVERSIDADE;BOTÂNICA
527869;25003011075P3;ESTUDOS DA LINGUAGEM;LETRAS
511099;22003010017P5;BIOTECNOLOGIA - REDE RENORBIO;BIOTECNOLOGIA
25013;25003011075P3;ESTUDOS DA LINGUAGEM;LETRAS
2008011;25003011075P3;ESTUDOS DA LINGUAGEM;LETRAS
117154;27001016180P4;REDE NORDESTE DE ENSINO - RENOEN;ENSINO
132758;25003011001P0;BIODIVERSIDADE;BOTÂNICA
401408;25003011074P7;ENGENHARIA FÍSICA;MATERIAIS
111255;25020013042P2;AGROECOLOGIA E DESENVOLVIMENTO TERRITORIAL;INTERDISCIPLINAR
346517;25003011075P3;ESTUDOS DA LINGUAGEM;LETRAS
368294;25020013042P2;AGROECOLOGIA E DESENVOLVIMENTO TERRITORIAL;INTERDISCIPLINAR
117330;23001011069P5;LETRAS;CIÊNCIAS E HUMANIDADES PARA A EDUCAÇÃO BÁSICA
536366;25003011077P6;CIÊNCIAS SOCIAIS;SOCIOLOGIA
420541;23001011069P5;LETRAS;CIÊNCIAS E HUMANIDADES PARA A EDUCAÇÃO BÁSICA
124318;25003011077P6;CIÊNCIAS SOCIAIS;SOCIOLOGIA
368181;25003011075P3;ESTUDOS DA LINGUAGEM;LETRAS
420889;22003010017P5;BIOTECNOLOGIA - REDE RENORBIO;BIOTECNOLOGIA
43006;25003011075P3;ESTUDOS DA LINGUAGEM;LETRAS
469795;25003011077P6;CIÊNCIAS SOCIAIS;SOCIOLOGIA
973443;23001011069P5;LETRAS;CIÊNCIAS E HUMANIDADES PARA A EDUCAÇÃO BÁSICA
587319;25003011075P3;ESTUDOS DA LINGUAGEM;LETRAS
854333;25020013042P2;AGROECOLOGIA E DESENVOLVIMENTO TERRITORIAL;INTERDISCIPLINAR
73892;25003011001P0;BIODIVERSIDADE;BOTÂNICA
133602;25020013042P2;AGROECOLOGIA E DESENVOLVIMENTO TERRITORIAL;INTERDISCIPLINAR
950154;25003011077P6;CIÊNCIAS SOCIAIS;SOCIOLOGIA
76726;25003011075P3;ESTUDOS DA LINGUAGEM;LETRAS
131188;25003011076P0;ENGENHARIA DE SISTEMAS DE ENERGIA (PPGESE);ENGENHARIA ELÉTRICA
77969;23001011069P5;LETRAS;CIÊNCIAS E HUMANIDADES PARA A EDUCAÇÃO BÁSICA
2418347;25003011076P0;ENGENHARIA DE SISTEMAS DE ENERGIA (PPGESE);ENGENHARIA ELÉTRICA
139553;25003011075P3;ESTUDOS DA LINGUAGEM;LETRAS
142114;22003010017P5;BIOTECNOLOGIA - REDE RENORBIO;BIOTECNOLOGIA
82467;25003011075P3;ESTUDOS DA LINGUAGEM;LETRAS
3316130;25003011075P3;ESTUDOS DA LINGUAGEM;LETRAS
195077;23001011047P1;DESENVOLVIMENTO E INOVAÇÃO TECNOLÓGICA EM MEDICAMENTOS;FARMÁCIA
715899;25003011076P0;ENGENHARIA DE SISTEMAS DE ENERGIA (PPGESE);ENGENHARIA ELÉTRICA
521034;23001011047P1;DESENVOLVIMENTO E INOVAÇÃO TECNOLÓGICA EM MEDICAMENTOS;FARMÁCIA
306384;25003011075P3;ESTUDOS DA LINGUAGEM;LETRAS
137145;22003010017P5;BIOTECNOLOGIA - REDE RENORBIO;BIOTECNOLOGIA
588616;25020013042P2;AGROECOLOGIA E DESENVOLVIMENTO TERRITORIAL;INTERDISCIPLINAR
635567;25003011001P0;BIODIVERSIDADE;BOTÂNICA
118663;25003011076P0;ENGENHARIA DE SISTEMAS DE ENERGIA (PPGESE);ENGENHARIA ELÉTRICA
639687;23001011047P1;DESENVOLVIMENTO E INOVAÇÃO TECNOLÓGICA EM MEDICAMENTOS;FARMÁCIA
2075689;25003011076P0;ENGENHARIA DE SISTEMAS DE ENERGIA (PPGESE);ENGENHARIA ELÉTRICA
4805914;25003011076P0;ENGENHARIA DE SISTEMAS DE ENERGIA (PPGESE);ENGENHARIA ELÉTRICA
361991;23001011047P1;DESENVOLVIMENTO E INOVAÇÃO TECNOLÓGICA EM MEDICAMENTOS;FARMÁCIA
461599;25003011076P0;ENGENHARIA DE SISTEMAS DE ENERGIA (PPGESE);ENGENHARIA ELÉTRICA
4799055;25003011076P0;ENGENHARIA DE SISTEMAS DE ENERGIA (PPGESE);ENGENHARIA ELÉTRICA
358876;25003011076P0;ENGENHARIA DE SISTEMAS DE ENERGIA (PPGESE);ENGENHARIA ELÉTRICA
24187;23001011047P1;DESENVOLVIMENTO E INOVAÇÃO TECNOLÓGICA EM MEDICAMENTOS;FARMÁCIA
137741;25003011076P0;ENGENHARIA DE SISTEMAS DE ENERGIA (PPGESE);ENGENHARIA ELÉTRICA
917346;25003011076P0;ENGENHARIA DE SISTEMAS DE ENERGIA (PPGESE);ENGENHARIA ELÉTRICA
380081;23001011069P5;LETRAS;CIÊNCIAS E HUMANIDADES PARA A EDUCAÇÃO BÁSICA
1215969;25003011076P0;ENGENHARIA DE SISTEMAS DE ENERGIA (PPGESE);ENGENHARIA ELÉTRICA
126213;22003010017P5;BIOTECNOLOGIA - REDE RENORBIO;BIOTECNOLOGIA
339486;25003011077P6;CIÊNCIAS SOCIAIS;SOCIOLOGIA
134268;23001011069P5;LETRAS;CIÊNCIAS E HUMANIDADES PARA A EDUCAÇÃO BÁSICA
117434;25003011077P6;CIÊNCIAS SOCIAIS;SOCIOLOGIA
170286;23001011069P5;LETRAS;CIÊNCIAS E HUMANIDADES PARA A EDUCAÇÃO BÁSICA
133602;25003011077P6;CIÊNCIAS SOCIAIS;SOCIOLOGIA
452959;25003011077P6;CIÊNCIAS SOCIAIS;SOCIOLOGIA
104176;23001011069P5;LETRAS;CIÊNCIAS E HUMANIDADES PARA A EDUCAÇÃO BÁSICA
384000;25003011077P6;CIÊNCIAS SOCIAIS;SOCIOLOGIA
26198;25003011077P6;CIÊNCIAS SOCIAIS;SOCIOLOGIA
513738;25003011077P6;CIÊNCIAS SOCIAIS;SOCIOLOGIA
117447;23001011069P5;LETRAS;CIÊNCIAS E HUMANIDADES PARA A EDUCAÇÃO BÁSICA
148159;25003011077P6;CIÊNCIAS SOCIAIS;SOCIOLOGIA
452126;25003011077P6;CIÊNCIAS SOCIAIS;SOCIOLOGIA
180486;23001011069P5;LETRAS;CIÊNCIAS E HUMANIDADES PARA A EDUCAÇÃO BÁSICA
24187;25020013042P2;AGROECOLOGIA E DESENVOLVIMENTO TERRITORIAL;INTERDISCIPLINAR
593662;25003011076P0;ENGENHARIA DE SISTEMAS DE ENERGIA (PPGESE);ENGENHARIA ELÉTRICA
8066;23001011047P1;DESENVOLVIMENTO E INOVAÇÃO TECNOLÓGICA EM MEDICAMENTOS;FARMÁCIA
191184;25003011076P0;ENGENHARIA DE SISTEMAS DE ENERGIA (PPGESE);ENGENHARIA ELÉTRICA
74145;25020013042P2;AGROECOLOGIA E DESENVOLVIMENTO TERRITORIAL;INTERDISCIPLINAR
534032;25020013042P2;AGROECOLOGIA E DESENVOLVIMENTO TERRITORIAL;INTERDISCIPLINAR
5405;25003011001P0;BIODIVERSIDADE;BOTÂNICA
122032;25020013042P2;AGROECOLOGIA E DESENVOLVIMENTO TERRITORIAL;INTERDISCIPLINAR
91453;25020013042P2;AGROECOLOGIA E DESENVOLVIMENTO TERRITORIAL;INTERDISCIPLINAR
479196;25020013042P2;AGROECOLOGIA E DESENVOLVIMENTO TERRITORIAL;INTERDISCIPLINAR
397937;25003011001P0;BIODIVERSIDADE;BOTÂNICA
975200;25020013042P2;AGROECOLOGIA E DESENVOLVIMENTO TERRITORIAL;INTERDISCIPLINAR
93196;25020013042P2;AGROECOLOGIA E DESENVOLVIMENTO TERRITORIAL;INTERDISCIPLINAR
107525;25003011001P0;BIODIVERSIDADE;BOTÂNICA
824884;25020013042P2;AGROECOLOGIA E DESENVOLVIMENTO TERRITORIAL;INTERDISCIPLINAR
115974;25020013042P2;AGROECOLOGIA E DESENVOLVIMENTO TERRITORIAL;INTERDISCIPLINAR
417269;25003011001P0;BIODIVERSIDADE;BOTÂNICA
87038;25003011077P6;CIÊNCIAS SOCIAIS;SOCIOLOGIA
133305;23001011069P5;LETRAS;CIÊNCIAS E HUMANIDADES PARA A EDUCAÇÃO BÁSICA
588616;25003011077P6;CIÊNCIAS SOCIAIS;SOCIOLOGIA
78069;25020013042P2;AGROECOLOGIA E DESENVOLVIMENTO TERRITORIAL;INTERDISCIPLINAR
102785;25020013042P2;AGROECOLOGIA E DESENVOLVIMENTO TERRITORIAL;INTERDISCIPLINAR
638013;25020013042P2;AGROECOLOGIA E DESENVOLVIMENTO TERRITORIAL;INTERDISCIPLINAR
47807;25003011071P8;BIODIVERSIDADE E CONSERVAÇÃO;ECOLOGIA
37532;25020013042P2;AGROECOLOGIA E DESENVOLVIMENTO TERRITORIAL;INTERDISCIPLINAR
144089;25003011001P0;BIODIVERSIDADE;BOTÂNICA
341320;27001016180P4;REDE NORDESTE DE ENSINO - RENOEN;ENSINO
629120;25003011071P8;BIODIVERSIDADE E CONSERVAÇÃO;ECOLOGIA
136964;27001016180P4;REDE NORDESTE DE ENSINO - RENOEN;ENSINO
464390;25003011001P0;BIODIVERSIDADE;BOTÂNICA
397642;27001016180P4;REDE NORDESTE DE ENSINO - RENOEN;ENSINO
530108;27001016180P4;REDE NORDESTE DE ENSINO - RENOEN;ENSINO
472064;25003011070P1;CONTROLADORIA;ADMINISTRAÇÃO
384000;25020013042P2;AGROECOLOGIA E DESENVOLVIMENTO TERRITORIAL;INTERDISCIPLINAR
512175;25020013042P2;AGROECOLOGIA E DESENVOLVIMENTO TERRITORIAL;INTERDISCIPLINAR
384789;23001011069P5;LETRAS;CIÊNCIAS E HUMANIDADES PARA A EDUCAÇÃO BÁSICA
78069;27001016180P4;REDE NORDESTE DE ENSINO - RENOEN;ENSINO
434967;25003011001P0;BIODIVERSIDADE;BOTÂNICA
411086;27001016180P4;REDE NORDESTE DE ENSINO - RENOEN;ENSINO
440627;27001016180P4;REDE NORDESTE DE ENSINO - RENOEN;ENSINO
356334;25003011070P1;CONTROLADORIA;ADMINISTRAÇÃO
529192;27001016180P4;REDE NORDESTE DE ENSINO - RENOEN;ENSINO
225389;25003011001P0;BIODIVERSIDADE;BOTÂNICA
622567;31001017169P2;QUÍMICA EM REDE NACIONAL;CIÊNCIAS E HUMANIDADES PARA A EDUCAÇÃO BÁSICA
96792;25003011038P0;EDUCAÇÃO, CULTURAS E IDENTIDADES;EDUCAÇÃO
170700;25003011038P0;EDUCAÇÃO, CULTURAS E IDENTIDADES;EDUCAÇÃO
622478;31001017169P2;QUÍMICA EM REDE NACIONAL;CIÊNCIAS E HUMANIDADES PARA A EDUCAÇÃO BÁSICA
95910;25003011001P0;BIODIVERSIDADE;BOTÂNICA
143134;31001017169P2;QUÍMICA EM REDE NACIONAL;CIÊNCIAS E HUMANIDADES PARA A EDUCAÇÃO BÁSICA
638012;25020013042P2;AGROECOLOGIA E DESENVOLVIMENTO TERRITORIAL;INTERDISCIPLINAR
534388;25003011001P0;BIODIVERSIDADE;BOTÂNICA
513879;25020013042P2;AGROECOLOGIA E DESENVOLVIMENTO TERRITORIAL;INTERDISCIPLINAR
411446;31001017169P2;QUÍMICA EM REDE NACIONAL;CIÊNCIAS E HUMANIDADES PARA A EDUCAÇÃO BÁSICA
513149;25003011001P0;BIODIVERSIDADE;BOTÂNICA
10554;31001017169P2;QUÍMICA EM REDE NACIONAL;CIÊNCIAS E HUMANIDADES PARA A EDUCAÇÃO BÁSICA
433994;25003011036P8;ENGENHARIA AMBIENTAL;ENGENHARIA SANITÁRIA
136964;31001017169P2;QUÍMICA EM REDE NACIONAL;CIÊNCIAS E HUMANIDADES PARA A EDUCAÇÃO BÁSICA
521499;25003011001P0;BIODIVERSIDADE;BOTÂNICA
1047991;31001017169P2;QUÍMICA EM REDE NACIONAL;CIÊNCIAS E HUMANIDADES PARA A EDUCAÇÃO BÁSICA
442226;31001017169P2;QUÍMICA EM REDE NACIONAL;CIÊNCIAS E HUMANIDADES PARA A EDUCAÇÃO BÁSICA
240102;25003011036P8;ENGENHARIA AMBIENTAL;ENGENHARIA SANITÁRIA
500112;31001017169P2;QUÍMICA EM REDE NACIONAL;CIÊNCIAS E HUMANIDADES PARA A EDUCAÇÃO BÁSICA
6156;25003011001P0;BIODIVERSIDADE;BOTÂNICA
188636;31075010001P2;MATEMÁTICA EM REDE NACIONAL;CIÊNCIAS E HUMANIDADES PARA A EDUCAÇÃO BÁSICA
521573;25003011036P8;ENGENHARIA AMBIENTAL;ENGENHARIA SANITÁRIA
532639;27001016180P4;REDE NORDESTE DE ENSINO - RENOEN;ENSINO
308982;25003011001P0;BIODIVERSIDADE;BOTÂNICA
514676;27001016180P4;REDE NORDESTE DE ENSINO - RENOEN;ENSINO
134919;31075010001P2;MATEMÁTICA EM REDE NACIONAL;CIÊNCIAS E HUMANIDADES PARA A EDUCAÇÃO BÁSICA
500257;31075010001P2;MATEMÁTICA EM REDE NACIONAL;CIÊNCIAS E HUMANIDADES PARA A EDUCAÇÃO BÁSICA
190337;25003011002P6;FITOPATOLOGIA;AGRONOMIA
153358;31075010001P2;MATEMÁTICA EM REDE NACIONAL;CIÊNCIAS E HUMANIDADES PARA A EDUCAÇÃO BÁSICA
513879;25003011036P8;ENGENHARIA AMBIENTAL;ENGENHARIA SANITÁRIA
131314;31075010001P2;MATEMÁTICA EM REDE NACIONAL;CIÊNCIAS E HUMANIDADES PARA A EDUCAÇÃO BÁSICA
88634;25003011002P6;FITOPATOLOGIA;AGRONOMIA
244392;31075010001P2;MATEMÁTICA EM REDE NACIONAL;CIÊNCIAS E HUMANIDADES PARA A EDUCAÇÃO BÁSICA
661298;25003011033P9;ETNOBIOLOGIA E CONSERVAÇÃO DA NATUREZA;ECOLOGIA
145882;31075010001P2;MATEMÁTICA EM REDE NACIONAL;CIÊNCIAS E HUMANIDADES PARA A EDUCAÇÃO BÁSICA
173913;31075010001P2;MATEMÁTICA EM REDE NACIONAL;CIÊNCIAS E HUMANIDADES PARA A EDUCAÇÃO BÁSICA
513014;25003011002P6;FITOPATOLOGIA;AGRONOMIA
223694;25003011033P9;ETNOBIOLOGIA E CONSERVAÇÃO DA NATUREZA;ECOLOGIA
661421;31001017169P2;QUÍMICA EM REDE NACIONAL;CIÊNCIAS E HUMANIDADES PARA A EDUCAÇÃO BÁSICA
198282;25003011001P0;BIODIVERSIDADE;BOTÂNICA
117218;31001017169P2;QUÍMICA EM REDE NACIONAL;CIÊNCIAS E HUMANIDADES PARA A EDUCAÇÃO BÁSICA
148380;31075010001P2;MATEMÁTICA EM REDE NACIONAL;CIÊNCIAS E HUMANIDADES PARA A EDUCAÇÃO BÁSICA
243390;31075010001P2;MATEMÁTICA EM REDE NACIONAL;CIÊNCIAS E HUMANIDADES PARA A EDUCAÇÃO BÁSICA
15361;25003011002P6;FITOPATOLOGIA;AGRONOMIA
1194884;25003011033P9;ETNOBIOLOGIA E CONSERVAÇÃO DA NATUREZA;ECOLOGIA
461290;31075010001P2;MATEMÁTICA EM REDE NACIONAL;CIÊNCIAS E HUMANIDADES PARA A EDUCAÇÃO BÁSICA
196187;25003011002P6;FITOPATOLOGIA;AGRONOMIA
960760;33004137068P8;PROEF - EDUCAÇÃO FÍSICA EM REDE NACIONAL;CIÊNCIAS E HUMANIDADES PARA A EDUCAÇÃO BÁSICA
997871;25003011032P2;INFORMÁTICA APLICADA;CIÊNCIA DA COMPUTAÇÃO
450177;33004137068P8;PROEF - EDUCAÇÃO FÍSICA EM REDE NACIONAL;CIÊNCIAS E HUMANIDADES PARA A EDUCAÇÃO BÁSICA
510831;25003011002P6;FITOPATOLOGIA;AGRONOMIA
997641;33004137068P8;PROEF - EDUCAÇÃO FÍSICA EM REDE NACIONAL;CIÊNCIAS E HUMANIDADES PARA A EDUCAÇÃO BÁSICA
152884;33004137068P8;PROEF - EDUCAÇÃO FÍSICA EM REDE NACIONAL;CIÊNCIAS E HUMANIDADES PARA A EDUCAÇÃO BÁSICA
29872;25003011032P2;INFORMÁTICA APLICADA;CIÊNCIA DA COMPUTAÇÃO
157548;31075010001P2;MATEMÁTICA EM REDE NACIONAL;CIÊNCIAS E HUMANIDADES PARA A EDUCAÇÃO BÁSICA
537959;25003011001P0;BIODIVERSIDADE;BOTÂNICA
159688;31075010001P2;MATEMÁTICA EM REDE NACIONAL;CIÊNCIAS E HUMANIDADES PARA A EDUCAÇÃO BÁSICA
404394;33283010001P5;ENSINO DE FÍSICA - PROFIS;CIÊNCIAS E HUMANIDADES PARA A EDUCAÇÃO BÁSICA
175253;25003011003P2;CIÊNCIA DO SOLO;AGRONOMIA
521491;33283010001P5;ENSINO DE FÍSICA - PROFIS;CIÊNCIAS E HUMANIDADES PARA A EDUCAÇÃO BÁSICA
601422;33283010001P5;ENSINO DE FÍSICA - PROFIS;CIÊNCIAS E HUMANIDADES PARA A EDUCAÇÃO BÁSICA
137069;25003011032P2;INFORMÁTICA APLICADA;CIÊNCIA DA COMPUTAÇÃO
610568;33283010001P5;ENSINO DE FÍSICA - PROFIS;CIÊNCIAS E HUMANIDADES PARA A EDUCAÇÃO BÁSICA
126299;25003011003P2;CIÊNCIA DO SOLO;AGRONOMIA
403329;33283010001P5;ENSINO DE FÍSICA - PROFIS;CIÊNCIAS E HUMANIDADES PARA A EDUCAÇÃO BÁSICA
257336;25003011032P2;INFORMÁTICA APLICADA;CIÊNCIA DA COMPUTAÇÃO
97733;33283010001P5;ENSINO DE FÍSICA - PROFIS;CIÊNCIAS E HUMANIDADES PARA A EDUCAÇÃO BÁSICA
78665;25003011003P2;CIÊNCIA DO SOLO;AGRONOMIA
532353;33283010001P5;ENSINO DE FÍSICA - PROFIS;CIÊNCIAS E HUMANIDADES PARA A EDUCAÇÃO BÁSICA
132326;25003011032P2;INFORMÁTICA APLICADA;CIÊNCIA DA COMPUTAÇÃO
146418;31075010001P2;MATEMÁTICA EM REDE NACIONAL;CIÊNCIAS E HUMANIDADES PARA A EDUCAÇÃO BÁSICA
71988;31075010001P2;MATEMÁTICA EM REDE NACIONAL;CIÊNCIAS E HUMANIDADES PARA A EDUCAÇÃO BÁSICA
46537;25003011002P6;FITOPATOLOGIA;AGRONOMIA
44057;53045009001P3;ADMINISTRAÇÃO PÚBLICA EM REDE NACIONAL;ADMINISTRAÇÃO
149846;25003011030P0;PRODUÇÃO VEGETAL;AGRONOMIA
399190;53045009001P3;ADMINISTRAÇÃO PÚBLICA EM REDE NACIONAL;ADMINISTRAÇÃO
134569;25003011003P2;CIÊNCIA DO SOLO;AGRONOMIA
385223;53045009001P3;ADMINISTRAÇÃO PÚBLICA EM REDE NACIONAL;ADMINISTRAÇÃO
160971;25003011003P2;CIÊNCIA DO SOLO;AGRONOMIA
377856;25003011014P4;ADMINISTRAÇÃO E DESENVOLVIMENTO;ADMINISTRAÇÃO
479903;25003011030P0;PRODUÇÃO VEGETAL;AGRONOMIA
449199;53045009001P3;ADMINISTRAÇÃO PÚBLICA EM REDE NACIONAL;ADMINISTRAÇÃO
513255;25003011003P2;CIÊNCIA DO SOLO;AGRONOMIA
162641;53045009001P3;ADMINISTRAÇÃO PÚBLICA EM REDE NACIONAL;ADMINISTRAÇÃO
501798;25003011030P0;PRODUÇÃO VEGETAL;AGRONOMIA
274220;25003011003P2;CIÊNCIA DO SOLO;AGRONOMIA
738017;33004137068P8;PROEF - EDUCAÇÃO FÍSICA EM REDE NACIONAL;CIÊNCIAS E HUMANIDADES PARA A EDUCAÇÃO BÁSICA
113992;25003011002P6;FITOPATOLOGIA;AGRONOMIA
527754;33283010001P5;ENSINO DE FÍSICA - PROFIS;CIÊNCIAS E HUMANIDADES PARA A EDUCAÇÃO BÁSICA
718473;25003011029P1;TECNOLOGIA E GESTÃO EM EDUCAÇÃO A DISTÂNCIA;EDUCAÇÃO
355628;25003011003P2;CIÊNCIA DO SOLO;AGRONOMIA
24100;25003011005P5;MEDICINA VETERINÁRIA;MEDICINA VETERINÁRIA
109195;25003011014P4;ADMINISTRAÇÃO E DESENVOLVIMENTO;ADMINISTRAÇÃO
405894;25003011014P4;ADMINISTRAÇÃO E DESENVOLVIMENTO;ADMINISTRAÇÃO
520588;25003011005P5;MEDICINA VETERINÁRIA;MEDICINA VETERINÁRIA
408445;25003011014P4;ADMINISTRAÇÃO E DESENVOLVIMENTO;ADMINISTRAÇÃO
43006;25003011029P1;TECNOLOGIA E GESTÃO EM EDUCAÇÃO A DISTÂNCIA;EDUCAÇÃO
531502;25003011005P5;MEDICINA VETERINÁRIA;MEDICINA VETERINÁRIA
192150;25003011024P0;FÍSICA APLICADA;FÍSICA
657333;25003011005P5;MEDICINA VETERINÁRIA;MEDICINA VETERINÁRIA
108965;25003011005P5;MEDICINA VETERINÁRIA;MEDICINA VETERINÁRIA
522000;25003011014P4;ADMINISTRAÇÃO E DESENVOLVIMENTO;ADMINISTRAÇÃO
13711;33283010001P5;ENSINO DE FÍSICA - PROFIS;CIÊNCIAS E HUMANIDADES PARA A EDUCAÇÃO BÁSICA
159846;53045009001P3;ADMINISTRAÇÃO PÚBLICA EM REDE NACIONAL;ADMINISTRAÇÃO
511306;25003011003P2;CIÊNCIA DO SOLO;AGRONOMIA
84735;25003011024P0;FÍSICA APLICADA;FÍSICA
15153;25003011005P5;MEDICINA VETERINÁRIA;MEDICINA VETERINÁRIA
7277;25003011005P5;MEDICINA VETERINÁRIA;MEDICINA VETERINÁRIA
21507;25003011005P5;MEDICINA VETERINÁRIA;MEDICINA VETERINÁRIA
160909;25003011014P4;ADMINISTRAÇÃO E DESENVOLVIMENTO;ADMINISTRAÇÃO
513963;25003011005P5;MEDICINA VETERINÁRIA;MEDICINA VETERINÁRIA
113425;25003011024P0;FÍSICA APLICADA;FÍSICA
515152;25003011005P5;MEDICINA VETERINÁRIA;MEDICINA VETERINÁRIA
114486;25003011005P5;MEDICINA VETERINÁRIA;MEDICINA VETERINÁRIA
46384;25003011005P5;MEDICINA VETERINÁRIA;MEDICINA VETERINÁRIA
18802;25003011013P8;CIÊNCIAS FLORESTAIS;RECURSOS FLORESTAIS E ENGENHARIA FLORESTAL
119409;25003011022P7;BIOCIÊNCIA ANIMAL;MEDICINA VETERINÁRIA
7443;25003011005P5;MEDICINA VETERINÁRIA;MEDICINA VETERINÁRIA
82923;25003011003P2;CIÊNCIA DO SOLO;AGRONOMIA
45851;25003011003P2;CIÊNCIA DO SOLO;AGRONOMIA
72404;25003011003P2;CIÊNCIA DO SOLO;AGRONOMIA
48422;25003011013P8;CIÊNCIAS FLORESTAIS;RECURSOS FLORESTAIS E ENGENHARIA FLORESTAL
709990;25003011005P5;MEDICINA VETERINÁRIA;MEDICINA VETERINÁRIA
11564;25003011013P8;CIÊNCIAS FLORESTAIS;RECURSOS FLORESTAIS E ENGENHARIA FLORESTAL
510348;25003011022P7;BIOCIÊNCIA ANIMAL;MEDICINA VETERINÁRIA
279906;25003011005P5;MEDICINA VETERINÁRIA;MEDICINA VETERINÁRIA
221396;25003011022P7;BIOCIÊNCIA ANIMAL;MEDICINA VETERINÁRIA
14216;25003011005P5;MEDICINA VETERINÁRIA;MEDICINA VETERINÁRIA
152485;25003011013P8;CIÊNCIAS FLORESTAIS;RECURSOS FLORESTAIS E ENGENHARIA FLORESTAL
68331;25003011005P5;MEDICINA VETERINÁRIA;MEDICINA VETERINÁRIA
139556;25003011006P1;ZOOTECNIA;ZOOTECNIA
265128;25003011013P8;CIÊNCIAS FLORESTAIS;RECURSOS FLORESTAIS E ENGENHARIA FLORESTAL
980962;25003011022P7;BIOCIÊNCIA ANIMAL;MEDICINA VETERINÁRIA
509983;25003011006P1;ZOOTECNIA;ZOOTECNIA
535595;25003011005P5;MEDICINA VETERINÁRIA;MEDICINA VETERINÁRIA
384041;25003011014P4;ADMINISTRAÇÃO E DESENVOLVIMENTO;ADMINISTRAÇÃO
126075;25003011005P5;MEDICINA VETERINÁRIA;MEDICINA VETERINÁRIA
15222;25003011012P1;ENSINO DAS CIÊNCIAS;ENSINO
397642;25003011012P1;ENSINO DAS CIÊNCIAS;ENSINO
157716;25003011006P1;ZOOTECNIA;ZOOTECNIA
609212;25003011006P1;ZOOTECNIA;ZOOTECNIA
520657;25003011012P1;ENSINO DAS CIÊNCIAS;ENSINO
6327;25003011021P0;CIÊNCIA E TECNOLOGIA DE ALIMENTOS;CIÊNCIA E TECNOLOGIA DE ALIMENTOS
77077;25003011006P1;ZOOTECNIA;ZOOTECNIA
224552;25003011006P1;ZOOTECNIA;ZOOTECNIA
341320;25003011012P1;ENSINO DAS CIÊNCIAS;ENSINO
536444;25003011006P1;ZOOTECNIA;ZOOTECNIA
791243;25003011012P1;ENSINO DAS CIÊNCIAS;ENSINO
311173;25003011021P0;CIÊNCIA E TECNOLOGIA DE ALIMENTOS;CIÊNCIA E TECNOLOGIA DE ALIMENTOS
5723;25003011006P1;ZOOTECNIA;ZOOTECNIA
20218;25003011005P5;MEDICINA VETERINÁRIA;MEDICINA VETERINÁRIA
1207800;25003011005P5;MEDICINA VETERINÁRIA;MEDICINA VETERINÁRIA
511559;25003011013P8;CIÊNCIAS FLORESTAIS;RECURSOS FLORESTAIS E ENGENHARIA FLORESTAL
511691;25003011006P1;ZOOTECNIA;ZOOTECNIA
41025;25003011006P1;ZOOTECNIA;ZOOTECNIA
112087;25003011020P4;QUIMICA;QUÍMICA
116459;25003011006P1;ZOOTECNIA;ZOOTECNIA
24101;25003011006P1;ZOOTECNIA;ZOOTECNIA
255845;25003011012P1;ENSINO DAS CIÊNCIAS;ENSINO
116252;25003011020P4;QUIMICA;QUÍMICA
514056;25003011006P1;ZOOTECNIA;ZOOTECNIA
530265;25003011010P9;BIOMETRIA E ESTATÍSTICA APLICADA;AGRONOMIA
361991;25003011020P4;QUIMICA;QUÍMICA
521226;25003011010P9;BIOMETRIA E ESTATÍSTICA APLICADA;AGRONOMIA
369292;25003011012P1;ENSINO DAS CIÊNCIAS;ENSINO
177833;25003011012P1;ENSINO DAS CIÊNCIAS;ENSINO
24187;25003011022P7;BIOCIÊNCIA ANIMAL;MEDICINA VETERINÁRIA
536426;25003011006P1;ZOOTECNIA;ZOOTECNIA
20984;25003011006P1;ZOOTECNIA;ZOOTECNIA
118052;25003011010P9;BIOMETRIA E ESTATÍSTICA APLICADA;AGRONOMIA
171745;25003011020P4;QUIMICA;QUÍMICA
137150;25003011010P9;BIOMETRIA E ESTATÍSTICA APLICADA;AGRONOMIA
79308;25003011010P9;BIOMETRIA E ESTATÍSTICA APLICADA;AGRONOMIA
532639;25003011012P1;ENSINO DAS CIÊNCIAS;ENSINO
456566;25003011010P9;BIOMETRIA E ESTATÍSTICA APLICADA;AGRONOMIA
118514;25003011012P1;ENSINO DAS CIÊNCIAS;ENSINO
133078;25003011019P6;HISTÓRIA;HISTÓRIA
973460;25003011010P9;BIOMETRIA E ESTATÍSTICA APLICADA;AGRONOMIA
261845;25003011019P6;HISTÓRIA;HISTÓRIA
97202;25003011010P9;BIOMETRIA E ESTATÍSTICA APLICADA;AGRONOMIA
537959;25003011011P5;RECURSOS PESQUEIROS E AQUICULTURA;RECURSOS PESQUEIROS E ENGENHARIA DE PESCA
6614;25003011010P9;BIOMETRIA E ESTATÍSTICA APLICADA;AGRONOMIA
314696;25003011006P1;ZOOTECNIA;ZOOTECNIA
530856;25003011012P1;ENSINO DAS CIÊNCIAS;ENSINO
512175;25003011006P1;ZOOTECNIA;ZOOTECNIA
14471;25003011010P9;BIOMETRIA E ESTATÍSTICA APLICADA;AGRONOMIA
46645;25003011011P5;RECURSOS PESQUEIROS E AQUICULTURA;RECURSOS PESQUEIROS E ENGENHARIA DE PESCA
132329;25003011019P6;HISTÓRIA;HISTÓRIA
391387;25003011010P9;BIOMETRIA E ESTATÍSTICA APLICADA;AGRONOMIA
530280;25003011011P5;RECURSOS PESQUEIROS E AQUICULTURA;RECURSOS PESQUEIROS E ENGENHARIA DE PESCA
476283;25003011010P9;BIOMETRIA E ESTATÍSTICA APLICADA;AGRONOMIA
47010;25003011019P6;HISTÓRIA;HISTÓRIA
98160;25003011019P6;HISTÓRIA;HISTÓRIA
511627;25003011010P9;BIOMETRIA E ESTATÍSTICA APLICADA;AGRONOMIA
11564;25003011010P9;BIOMETRIA E ESTATÍSTICA APLICADA;AGRONOMIA
167189;25003011010P9;BIOMETRIA E ESTATÍSTICA APLICADA;AGRONOMIA
14259;25003011011P5;RECURSOS PESQUEIROS E AQUICULTURA;RECURSOS PESQUEIROS E ENGENHARIA DE PESCA
536958;25003011011P5;RECURSOS PESQUEIROS E AQUICULTURA;RECURSOS PESQUEIROS E ENGENHARIA DE PESCA
115819;25003011010P9;BIOMETRIA E ESTATÍSTICA APLICADA;AGRONOMIA
521495;25003011011P5;RECURSOS PESQUEIROS E AQUICULTURA;RECURSOS PESQUEIROS E ENGENHARIA DE PESCA
23926;25003011010P9;BIOMETRIA E ESTATÍSTICA APLICADA;AGRONOMIA
521573;25003011011P5;RECURSOS PESQUEIROS E AQUICULTURA;RECURSOS PESQUEIROS E ENGENHARIA DE PESCA
82467;25003011019P6;HISTÓRIA;HISTÓRIA
115711;25003011011P5;RECURSOS PESQUEIROS E AQUICULTURA;RECURSOS PESQUEIROS E ENGENHARIA DE PESCA
152558;25003011011P5;RECURSOS PESQUEIROS E AQUICULTURA;RECURSOS PESQUEIROS E ENGENHARIA DE PESCA
535101;25003011011P5;RECURSOS PESQUEIROS E AQUICULTURA;RECURSOS PESQUEIROS E ENGENHARIA DE PESCA
412231;25003011018P0;ENGENHARIA AGRÍCOLA;ENGENHARIA AGRÍCOLA
115211;25003011011P5;RECURSOS PESQUEIROS E AQUICULTURA;RECURSOS PESQUEIROS E ENGENHARIA DE PESCA
153123;25003011011P5;RECURSOS PESQUEIROS E AQUICULTURA;RECURSOS PESQUEIROS E ENGENHARIA DE PESCA
126299;25003011018P0;ENGENHARIA AGRÍCOLA;ENGENHARIA AGRÍCOLA
117868;25003011011P5;RECURSOS PESQUEIROS E AQUICULTURA;RECURSOS PESQUEIROS E ENGENHARIA DE PESCA
456583;25003011011P5;RECURSOS PESQUEIROS E AQUICULTURA;RECURSOS PESQUEIROS E ENGENHARIA DE PESCA
115819;25003011011P5;RECURSOS PESQUEIROS E AQUICULTURA;RECURSOS PESQUEIROS E ENGENHARIA DE PESCA
8062;25003011012P1;ENSINO DAS CIÊNCIAS;ENSINO
538287;25003011010P9;BIOMETRIA E ESTATÍSTICA APLICADA;AGRONOMIA
47598;25003011010P9;BIOMETRIA E ESTATÍSTICA APLICADA;AGRONOMIA
533115;25003011010P9;BIOMETRIA E ESTATÍSTICA APLICADA;AGRONOMIA
461290;25003011012P1;ENSINO DAS CIÊNCIAS;ENSINO
515067;25003011018P0;ENGENHARIA AGRÍCOLA;ENGENHARIA AGRÍCOLA
530364;25003011017P3;ENTOMOLOGIA;AGRONOMIA
416578;25003011012P1;ENSINO DAS CIÊNCIAS;ENSINO
157914;25003011012P1;ENSINO DAS CIÊNCIAS;ENSINO
120238;25003011012P1;ENSINO DAS CIÊNCIAS;ENSINO
78069;25003011012P1;ENSINO DAS CIÊNCIAS;ENSINO
622476;25003011012P1;ENSINO DAS CIÊNCIAS;ENSINO
136964;25003011012P1;ENSINO DAS CIÊNCIAS;ENSINO
514724;25003011012P1;ENSINO DAS CIÊNCIAS;ENSINO
143134;25003011012P1;ENSINO DAS CIÊNCIAS;ENSINO
361075;25003011012P1;ENSINO DAS CIÊNCIAS;ENSINO
500112;25003011012P1;ENSINO DAS CIÊNCIAS;ENSINO
2999859;25003011011P5;RECURSOS PESQUEIROS E AQUICULTURA;RECURSOS PESQUEIROS E ENGENHARIA DE PESCA
513462;25003011011P5;RECURSOS PESQUEIROS E AQUICULTURA;RECURSOS PESQUEIROS E ENGENHARIA DE PESCA
520035;25003011011P5;RECURSOS PESQUEIROS E AQUICULTURA;RECURSOS PESQUEIROS E ENGENHARIA DE PESCA
16404;25003011013P8;CIÊNCIAS FLORESTAIS;RECURSOS FLORESTAIS E ENGENHARIA FLORESTAL
406612;25003011013P8;CIÊNCIAS FLORESTAIS;RECURSOS FLORESTAIS E ENGENHARIA FLORESTAL
6888;25003011015P0;AGRONOMIA ( MELHORAMENTO GENÉTICO DE PLANTAS);AGRONOMIA
616102;25003011013P8;CIÊNCIAS FLORESTAIS;RECURSOS FLORESTAIS E ENGENHARIA FLORESTAL
360765;25003011015P0;AGRONOMIA ( MELHORAMENTO GENÉTICO DE PLANTAS);AGRONOMIA
513255;25003011013P8;CIÊNCIAS FLORESTAIS;RECURSOS FLORESTAIS E ENGENHARIA FLORESTAL
89289;25003011013P8;CIÊNCIAS FLORESTAIS;RECURSOS FLORESTAIS E ENGENHARIA FLORESTAL
23062;25003011013P8;CIÊNCIAS FLORESTAIS;RECURSOS FLORESTAIS E ENGENHARIA FLORESTAL
896851;25003011013P8;CIÊNCIAS FLORESTAIS;RECURSOS FLORESTAIS E ENGENHARIA FLORESTAL
169401;25003011013P8;CIÊNCIAS FLORESTAIS;RECURSOS FLORESTAIS E ENGENHARIA FLORESTAL
1269643;25003011015P0;AGRONOMIA ( MELHORAMENTO GENÉTICO DE PLANTAS);AGRONOMIA
612062;25003011013P8;CIÊNCIAS FLORESTAIS;RECURSOS FLORESTAIS E ENGENHARIA FLORESTAL
43840;25003011014P4;ADMINISTRAÇÃO E DESENVOLVIMENTO;ADMINISTRAÇÃO
530108;25003011012P1;ENSINO DAS CIÊNCIAS;ENSINO
535523;25003011011P5;RECURSOS PESQUEIROS E AQUICULTURA;RECURSOS PESQUEIROS E ENGENHARIA DE PESCA
132736;25003011012P1;ENSINO DAS CIÊNCIAS;ENSINO
160856;25003011014P4;ADMINISTRAÇÃO E DESENVOLVIMENTO;ADMINISTRAÇÃO
112579;25003011014P4;ADMINISTRAÇÃO E DESENVOLVIMENTO;ADMINISTRAÇÃO
159846;25003011014P4;ADMINISTRAÇÃO E DESENVOLVIMENTO;ADMINISTRAÇÃO
986372;25003011014P4;ADMINISTRAÇÃO E DESENVOLVIMENTO;ADMINISTRAÇÃO
37249;25003011014P4;ADMINISTRAÇÃO E DESENVOLVIMENTO;ADMINISTRAÇÃO
110244;25003011014P4;ADMINISTRAÇÃO E DESENVOLVIMENTO;ADMINISTRAÇÃO
140753;25003011014P4;ADMINISTRAÇÃO E DESENVOLVIMENTO;ADMINISTRAÇÃO
530098;25003011015P0;AGRONOMIA ( MELHORAMENTO GENÉTICO DE PLANTAS);AGRONOMIA
117308;25003011015P0;AGRONOMIA ( MELHORAMENTO GENÉTICO DE PLANTAS);AGRONOMIA
524122;25003011015P0;AGRONOMIA ( MELHORAMENTO GENÉTICO DE PLANTAS);AGRONOMIA
512174;25003011015P0;AGRONOMIA ( MELHORAMENTO GENÉTICO DE PLANTAS);AGRONOMIA
512603;25003011015P0;AGRONOMIA ( MELHORAMENTO GENÉTICO DE PLANTAS);AGRONOMIA
27798;25003011015P0;AGRONOMIA ( MELHORAMENTO GENÉTICO DE PLANTAS);AGRONOMIA
974277;25003011012P1;ENSINO DAS CIÊNCIAS;ENSINO
469208;25003011012P1;ENSINO DAS CIÊNCIAS;ENSINO
152380;25003011012P1;ENSINO DAS CIÊNCIAS;ENSINO
397937;25003011015P0;AGRONOMIA ( MELHORAMENTO GENÉTICO DE PLANTAS);AGRONOMIA
510016;25003011015P0;AGRONOMIA ( MELHORAMENTO GENÉTICO DE PLANTAS);AGRONOMIA
52921;25003011015P0;AGRONOMIA ( MELHORAMENTO GENÉTICO DE PLANTAS);AGRONOMIA
41232;25003011017P3;ENTOMOLOGIA;AGRONOMIA
6661;25003011017P3;ENTOMOLOGIA;AGRONOMIA
122633;25003011017P3;ENTOMOLOGIA;AGRONOMIA
478730;25003011017P3;ENTOMOLOGIA;AGRONOMIA
456224;25003011017P3;ENTOMOLOGIA;AGRONOMIA
22153;25003011017P3;ENTOMOLOGIA;AGRONOMIA
137119;25003011017P3;ENTOMOLOGIA;AGRONOMIA
164305;25003011017P3;ENTOMOLOGIA;AGRONOMIA
535815;25003011017P3;ENTOMOLOGIA;AGRONOMIA
102628;25003011017P3;ENTOMOLOGIA;AGRONOMIA
443982;25003011014P4;ADMINISTRAÇÃO E DESENVOLVIMENTO;ADMINISTRAÇÃO
123077;25003011014P4;ADMINISTRAÇÃO E DESENVOLVIMENTO;ADMINISTRAÇÃO
46318;25003011014P4;ADMINISTRAÇÃO E DESENVOLVIMENTO;ADMINISTRAÇÃO
437116;25003011018P0;ENGENHARIA AGRÍCOLA;ENGENHARIA AGRÍCOLA
509648;25003011018P0;ENGENHARIA AGRÍCOLA;ENGENHARIA AGRÍCOLA
149294;25003011018P0;ENGENHARIA AGRÍCOLA;ENGENHARIA AGRÍCOLA
411477;25003011018P0;ENGENHARIA AGRÍCOLA;ENGENHARIA AGRÍCOLA
141121;25003011018P0;ENGENHARIA AGRÍCOLA;ENGENHARIA AGRÍCOLA
149846;25003011018P0;ENGENHARIA AGRÍCOLA;ENGENHARIA AGRÍCOLA
122416;25003011018P0;ENGENHARIA AGRÍCOLA;ENGENHARIA AGRÍCOLA
510831;25003011018P0;ENGENHARIA AGRÍCOLA;ENGENHARIA AGRÍCOLA
5606;25003011018P0;ENGENHARIA AGRÍCOLA;ENGENHARIA AGRÍCOLA
514843;25003011018P0;ENGENHARIA AGRÍCOLA;ENGENHARIA AGRÍCOLA
532144;25003011018P0;ENGENHARIA AGRÍCOLA;ENGENHARIA AGRÍCOLA
183764;25003011019P6;HISTÓRIA;HISTÓRIA
74969;25003011019P6;HISTÓRIA;HISTÓRIA
155677;25003011015P0;AGRONOMIA ( MELHORAMENTO GENÉTICO DE PLANTAS);AGRONOMIA
512553;25003011015P0;AGRONOMIA ( MELHORAMENTO GENÉTICO DE PLANTAS);AGRONOMIA
81481;25003011015P0;AGRONOMIA ( MELHORAMENTO GENÉTICO DE PLANTAS);AGRONOMIA
6161;25003011019P6;HISTÓRIA;HISTÓRIA
312410;25003011019P6;HISTÓRIA;HISTÓRIA
501380;25003011019P6;HISTÓRIA;HISTÓRIA
611000;25003011019P6;HISTÓRIA;HISTÓRIA
225417;25003011019P6;HISTÓRIA;HISTÓRIA
132042;25003011019P6;HISTÓRIA;HISTÓRIA
142775;25003011019P6;HISTÓRIA;HISTÓRIA
157586;25003011019P6;HISTÓRIA;HISTÓRIA
128391;25003011019P6;HISTÓRIA;HISTÓRIA
304109;25003011019P6;HISTÓRIA;HISTÓRIA
448719;25003011019P6;HISTÓRIA;HISTÓRIA
131907;25003011019P6;HISTÓRIA;HISTÓRIA
66834;25003011019P6;HISTÓRIA;HISTÓRIA
23925;25003011017P3;ENTOMOLOGIA;AGRONOMIA
281703;25003011018P0;ENGENHARIA AGRÍCOLA;ENGENHARIA AGRÍCOLA
287369;25003011018P0;ENGENHARIA AGRÍCOLA;ENGENHARIA AGRÍCOLA
530980;25003011019P6;HISTÓRIA;HISTÓRIA
294026;25003011019P6;HISTÓRIA;HISTÓRIA
175350;25003011019P6;HISTÓRIA;HISTÓRIA
171788;25003011020P4;QUIMICA;QUÍMICA
392399;25003011020P4;QUIMICA;QUÍMICA
198760;25003011020P4;QUIMICA;QUÍMICA
255262;25003011020P4;QUIMICA;QUÍMICA
117218;25003011020P4;QUIMICA;QUÍMICA
982310;25003011020P4;QUIMICA;QUÍMICA
121299;25003011020P4;QUIMICA;QUÍMICA
117661;25003011020P4;QUIMICA;QUÍMICA
162286;25003011020P4;QUIMICA;QUÍMICA
528313;25003011020P4;QUIMICA;QUÍMICA
41145;25003011019P6;HISTÓRIA;HISTÓRIA
842282;25003011019P6;HISTÓRIA;HISTÓRIA
382895;25003011019P6;HISTÓRIA;HISTÓRIA
8066;25003011020P4;QUIMICA;QUÍMICA
126351;25003011020P4;QUIMICA;QUÍMICA
145761;25003011021P0;CIÊNCIA E TECNOLOGIA DE ALIMENTOS;CIÊNCIA E TECNOLOGIA DE ALIMENTOS
478630;25003011021P0;CIÊNCIA E TECNOLOGIA DE ALIMENTOS;CIÊNCIA E TECNOLOGIA DE ALIMENTOS
70631;25003011021P0;CIÊNCIA E TECNOLOGIA DE ALIMENTOS;CIÊNCIA E TECNOLOGIA DE ALIMENTOS
479553;25003011021P0;CIÊNCIA E TECNOLOGIA DE ALIMENTOS;CIÊNCIA E TECNOLOGIA DE ALIMENTOS
31165;25003011021P0;CIÊNCIA E TECNOLOGIA DE ALIMENTOS;CIÊNCIA E TECNOLOGIA DE ALIMENTOS
1335146;25003011021P0;CIÊNCIA E TECNOLOGIA DE ALIMENTOS;CIÊNCIA E TECNOLOGIA DE ALIMENTOS
447721;25003011021P0;CIÊNCIA E TECNOLOGIA DE ALIMENTOS;CIÊNCIA E TECNOLOGIA DE ALIMENTOS
517672;25003011021P0;CIÊNCIA E TECNOLOGIA DE ALIMENTOS;CIÊNCIA E TECNOLOGIA DE ALIMENTOS
46264;25003011021P0;CIÊNCIA E TECNOLOGIA DE ALIMENTOS;CIÊNCIA E TECNOLOGIA DE ALIMENTOS
126213;25003011021P0;CIÊNCIA E TECNOLOGIA DE ALIMENTOS;CIÊNCIA E TECNOLOGIA DE ALIMENTOS
1484918;25003011021P0;CIÊNCIA E TECNOLOGIA DE ALIMENTOS;CIÊNCIA E TECNOLOGIA DE ALIMENTOS
365086;25003011019P6;HISTÓRIA;HISTÓRIA
516235;25003011019P6;HISTÓRIA;HISTÓRIA
140487;25003011019P6;HISTÓRIA;HISTÓRIA
479553;25003011022P7;BIOCIÊNCIA ANIMAL;MEDICINA VETERINÁRIA
531586;25003011022P7;BIOCIÊNCIA ANIMAL;MEDICINA VETERINÁRIA
709967;25003011022P7;BIOCIÊNCIA ANIMAL;MEDICINA VETERINÁRIA
509719;25003011022P7;BIOCIÊNCIA ANIMAL;MEDICINA VETERINÁRIA
130963;25003011022P7;BIOCIÊNCIA ANIMAL;MEDICINA VETERINÁRIA
126075;25003011022P7;BIOCIÊNCIA ANIMAL;MEDICINA VETERINÁRIA
20218;25003011022P7;BIOCIÊNCIA ANIMAL;MEDICINA VETERINÁRIA
163913;25003011022P7;BIOCIÊNCIA ANIMAL;MEDICINA VETERINÁRIA
15153;25003011022P7;BIOCIÊNCIA ANIMAL;MEDICINA VETERINÁRIA
126213;25003011022P7;BIOCIÊNCIA ANIMAL;MEDICINA VETERINÁRIA
14216;25003011022P7;BIOCIÊNCIA ANIMAL;MEDICINA VETERINÁRIA
533336;25003011022P7;BIOCIÊNCIA ANIMAL;MEDICINA VETERINÁRIA
132509;25003011022P7;BIOCIÊNCIA ANIMAL;MEDICINA VETERINÁRIA
530364;25003011020P4;QUIMICA;QUÍMICA
488250;25003011020P4;QUIMICA;QUÍMICA
103845;25003011020P4;QUIMICA;QUÍMICA
443235;25003011022P7;BIOCIÊNCIA ANIMAL;MEDICINA VETERINÁRIA
513579;25003011022P7;BIOCIÊNCIA ANIMAL;MEDICINA VETERINÁRIA
607480;25003011022P7;BIOCIÊNCIA ANIMAL;MEDICINA VETERINÁRIA
13270;25003011022P7;BIOCIÊNCIA ANIMAL;MEDICINA VETERINÁRIA
447389;25003011022P7;BIOCIÊNCIA ANIMAL;MEDICINA VETERINÁRIA
121408;25003011022P7;BIOCIÊNCIA ANIMAL;MEDICINA VETERINÁRIA
538287;25003011024P0;FÍSICA APLICADA;FÍSICA
521226;25003011024P0;FÍSICA APLICADA;FÍSICA
679142;25003011024P0;FÍSICA APLICADA;FÍSICA
7046;25003011024P0;FÍSICA APLICADA;FÍSICA
147863;25003011024P0;FÍSICA APLICADA;FÍSICA
198673;25003011024P0;FÍSICA APLICADA;FÍSICA
13711;25003011024P0;FÍSICA APLICADA;FÍSICA
362153;25003011021P0;CIÊNCIA E TECNOLOGIA DE ALIMENTOS;CIÊNCIA E TECNOLOGIA DE ALIMENTOS
115211;25003011021P0;CIÊNCIA E TECNOLOGIA DE ALIMENTOS;CIÊNCIA E TECNOLOGIA DE ALIMENTOS
19597;25003011022P7;BIOCIÊNCIA ANIMAL;MEDICINA VETERINÁRIA
150685;25003011024P0;FÍSICA APLICADA;FÍSICA
23926;25003011024P0;FÍSICA APLICADA;FÍSICA
44496;25003011029P1;TECNOLOGIA E GESTÃO EM EDUCAÇÃO A DISTÂNCIA;EDUCAÇÃO
974277;25003011029P1;TECNOLOGIA E GESTÃO EM EDUCAÇÃO A DISTÂNCIA;EDUCAÇÃO
111826;25003011029P1;TECNOLOGIA E GESTÃO EM EDUCAÇÃO A DISTÂNCIA;EDUCAÇÃO
995516;25003011029P1;TECNOLOGIA E GESTÃO EM EDUCAÇÃO A DISTÂNCIA;EDUCAÇÃO
153973;25003011029P1;TECNOLOGIA E GESTÃO EM EDUCAÇÃO A DISTÂNCIA;EDUCAÇÃO
790049;25003011029P1;TECNOLOGIA E GESTÃO EM EDUCAÇÃO A DISTÂNCIA;EDUCAÇÃO
41562;25003011029P1;TECNOLOGIA E GESTÃO EM EDUCAÇÃO A DISTÂNCIA;EDUCAÇÃO
404001;25003011030P0;PRODUÇÃO VEGETAL;AGRONOMIA
127233;25003011030P0;PRODUÇÃO VEGETAL;AGRONOMIA
383067;25003011030P0;PRODUÇÃO VEGETAL;AGRONOMIA
344111;25003011030P0;PRODUÇÃO VEGETAL;AGRONOMIA
7988;25003011022P7;BIOCIÊNCIA ANIMAL;MEDICINA VETERINÁRIA
535815;25003011022P7;BIOCIÊNCIA ANIMAL;MEDICINA VETERINÁRIA
440627;25003011022P7;BIOCIÊNCIA ANIMAL;MEDICINA VETERINÁRIA
359074;25003011030P0;PRODUÇÃO VEGETAL;AGRONOMIA
433994;25003011030P0;PRODUÇÃO VEGETAL;AGRONOMIA
115575;25003011030P0;PRODUÇÃO VEGETAL;AGRONOMIA
445941;25003011030P0;PRODUÇÃO VEGETAL;AGRONOMIA
412234;25003011030P0;PRODUÇÃO VEGETAL;AGRONOMIA
118663;25003011032P2;INFORMÁTICA APLICADA;CIÊNCIA DA COMPUTAÇÃO
137741;25003011032P2;INFORMÁTICA APLICADA;CIÊNCIA DA COMPUTAÇÃO
149730;25003011032P2;INFORMÁTICA APLICADA;CIÊNCIA DA COMPUTAÇÃO
385084;25003011032P2;INFORMÁTICA APLICADA;CIÊNCIA DA COMPUTAÇÃO
83721;25003011032P2;INFORMÁTICA APLICADA;CIÊNCIA DA COMPUTAÇÃO
404173;25003011032P2;INFORMÁTICA APLICADA;CIÊNCIA DA COMPUTAÇÃO
126163;25003011032P2;INFORMÁTICA APLICADA;CIÊNCIA DA COMPUTAÇÃO
23926;25003011032P2;INFORMÁTICA APLICADA;CIÊNCIA DA COMPUTAÇÃO
47598;25003011024P0;FÍSICA APLICADA;FÍSICA
403329;25003011024P0;FÍSICA APLICADA;FÍSICA
7584;25003011024P0;FÍSICA APLICADA;FÍSICA
167189;25003011032P2;INFORMÁTICA APLICADA;CIÊNCIA DA COMPUTAÇÃO
352939;25003011032P2;INFORMÁTICA APLICADA;CIÊNCIA DA COMPUTAÇÃO
995516;25003011032P2;INFORMÁTICA APLICADA;CIÊNCIA DA COMPUTAÇÃO
127940;25003011032P2;INFORMÁTICA APLICADA;CIÊNCIA DA COMPUTAÇÃO
160856;25003011032P2;INFORMÁTICA APLICADA;CIÊNCIA DA COMPUTAÇÃO
6614;25003011032P2;INFORMÁTICA APLICADA;CIÊNCIA DA COMPUTAÇÃO
131670;25003011032P2;INFORMÁTICA APLICADA;CIÊNCIA DA COMPUTAÇÃO
27655;25003011032P2;INFORMÁTICA APLICADA;CIÊNCIA DA COMPUTAÇÃO
850175;25003011032P2;INFORMÁTICA APLICADA;CIÊNCIA DA COMPUTAÇÃO
107875;25003011032P2;INFORMÁTICA APLICADA;CIÊNCIA DA COMPUTAÇÃO
442579;25003011032P2;INFORMÁTICA APLICADA;CIÊNCIA DA COMPUTAÇÃO
153244;25003011033P9;ETNOBIOLOGIA E CONSERVAÇÃO DA NATUREZA;ECOLOGIA
534032;25003011033P9;ETNOBIOLOGIA E CONSERVAÇÃO DA NATUREZA;ECOLOGIA
5919;25003011030P0;PRODUÇÃO VEGETAL;AGRONOMIA
119107;25003011030P0;PRODUÇÃO VEGETAL;AGRONOMIA
77077;25003011030P0;PRODUÇÃO VEGETAL;AGRONOMIA
20478;25003011033P9;ETNOBIOLOGIA E CONSERVAÇÃO DA NATUREZA;ECOLOGIA
164181;25003011033P9;ETNOBIOLOGIA E CONSERVAÇÃO DA NATUREZA;ECOLOGIA
47457;25003011033P9;ETNOBIOLOGIA E CONSERVAÇÃO DA NATUREZA;ECOLOGIA
487632;25003011033P9;ETNOBIOLOGIA E CONSERVAÇÃO DA NATUREZA;ECOLOGIA
150532;25003011033P9;ETNOBIOLOGIA E CONSERVAÇÃO DA NATUREZA;ECOLOGIA
511264;25003011033P9;ETNOBIOLOGIA E CONSERVAÇÃO DA NATUREZA;ECOLOGIA
510191;25003011033P9;ETNOBIOLOGIA E CONSERVAÇÃO DA NATUREZA;ECOLOGIA
107525;25003011033P9;ETNOBIOLOGIA E CONSERVAÇÃO DA NATUREZA;ECOLOGIA
630266;25003011033P9;ETNOBIOLOGIA E CONSERVAÇÃO DA NATUREZA;ECOLOGIA
822640;25003011036P8;ENGENHARIA AMBIENTAL;ENGENHARIA SANITÁRIA
316623;25003011036P8;ENGENHARIA AMBIENTAL;ENGENHARIA SANITÁRIA
97911;25003011036P8;ENGENHARIA AMBIENTAL;ENGENHARIA SANITÁRIA
346247;25003011036P8;ENGENHARIA AMBIENTAL;ENGENHARIA SANITÁRIA
1226561;25003011032P2;INFORMÁTICA APLICADA;CIÊNCIA DA COMPUTAÇÃO
132118;25003011032P2;INFORMÁTICA APLICADA;CIÊNCIA DA COMPUTAÇÃO
973594;25003011032P2;INFORMÁTICA APLICADA;CIÊNCIA DA COMPUTAÇÃO
715364;25003011036P8;ENGENHARIA AMBIENTAL;ENGENHARIA SANITÁRIA
360651;25003011036P8;ENGENHARIA AMBIENTAL;ENGENHARIA SANITÁRIA
344111;25003011036P8;ENGENHARIA AMBIENTAL;ENGENHARIA SANITÁRIA
274220;25003011036P8;ENGENHARIA AMBIENTAL;ENGENHARIA SANITÁRIA
339927;25003011036P8;ENGENHARIA AMBIENTAL;ENGENHARIA SANITÁRIA
533115;25003011036P8;ENGENHARIA AMBIENTAL;ENGENHARIA SANITÁRIA
101702;25003011036P8;ENGENHARIA AMBIENTAL;ENGENHARIA SANITÁRIA
514676;25003011038P0;EDUCAÇÃO, CULTURAS E IDENTIDADES;EDUCAÇÃO
115974;25003011038P0;EDUCAÇÃO, CULTURAS E IDENTIDADES;EDUCAÇÃO
94583;25003011038P0;EDUCAÇÃO, CULTURAS E IDENTIDADES;EDUCAÇÃO
294026;25003011038P0;EDUCAÇÃO, CULTURAS E IDENTIDADES;EDUCAÇÃO
98904;25003011038P0;EDUCAÇÃO, CULTURAS E IDENTIDADES;EDUCAÇÃO
102338;25003011038P0;EDUCAÇÃO, CULTURAS E IDENTIDADES;EDUCAÇÃO
478730;25003011033P9;ETNOBIOLOGIA E CONSERVAÇÃO DA NATUREZA;ECOLOGIA
610654;25003011033P9;ETNOBIOLOGIA E CONSERVAÇÃO DA NATUREZA;ECOLOGIA
515041;25003011033P9;ETNOBIOLOGIA E CONSERVAÇÃO DA NATUREZA;ECOLOGIA
194543;25003011038P0;EDUCAÇÃO, CULTURAS E IDENTIDADES;EDUCAÇÃO
646145;25003011038P0;EDUCAÇÃO, CULTURAS E IDENTIDADES;EDUCAÇÃO
113447;25003011038P0;EDUCAÇÃO, CULTURAS E IDENTIDADES;EDUCAÇÃO
960760;25003011038P0;EDUCAÇÃO, CULTURAS E IDENTIDADES;EDUCAÇÃO
455871;25003011070P1;CONTROLADORIA;ADMINISTRAÇÃO
385223;25003011070P1;CONTROLADORIA;ADMINISTRAÇÃO
35174;25003011070P1;CONTROLADORIA;ADMINISTRAÇÃO
112579;25003011070P1;CONTROLADORIA;ADMINISTRAÇÃO
9501;25003011070P1;CONTROLADORIA;ADMINISTRAÇÃO
528017;25003011070P1;CONTROLADORIA;ADMINISTRAÇÃO
311911;25003011070P1;CONTROLADORIA;ADMINISTRAÇÃO
357148;25003011070P1;CONTROLADORIA;ADMINISTRAÇÃO
133346;25003011071P8;BIODIVERSIDADE E CONSERVAÇÃO;ECOLOGIA
5432;25003011036P8;ENGENHARIA AMBIENTAL;ENGENHARIA SANITÁRIA
975550;25003011036P8;ENGENHARIA AMBIENTAL;ENGENHARIA SANITÁRIA
374215;25003011036P8;ENGENHARIA AMBIENTAL;ENGENHARIA SANITÁRIA
119107;25003011071P8;BIODIVERSIDADE E CONSERVAÇÃO;ECOLOGIA
627784;25003011038P0;EDUCAÇÃO, CULTURAS E IDENTIDADES;EDUCAÇÃO
371338;25003011038P0;EDUCAÇÃO, CULTURAS E IDENTIDADES;EDUCAÇÃO
411440;25003011038P0;EDUCAÇÃO, CULTURAS E IDENTIDADES;EDUCAÇÃO
152558;25003011071P8;BIODIVERSIDADE E CONSERVAÇÃO;ECOLOGIA
167634;25003011071P8;BIODIVERSIDADE E CONSERVAÇÃO;ECOLOGIA
513149;25003011071P8;BIODIVERSIDADE E CONSERVAÇÃO;ECOLOGIA
88354;33283010001P5;ENSINO DE FÍSICA - PROFIS;CIÊNCIAS E HUMANIDADES PARA A EDUCAÇÃO BÁSICA
23062;25003011003P2;CIÊNCIA DO SOLO;AGRONOMIA
411086;33283010001P5;ENSINO DE FÍSICA - PROFIS;CIÊNCIAS E HUMANIDADES PARA A EDUCAÇÃO BÁSICA
533842;25003011002P6;FITOPATOLOGIA;AGRONOMIA
305022;33004137068P8;PROEF - EDUCAÇÃO FÍSICA EM REDE NACIONAL;CIÊNCIAS E HUMANIDADES PARA A EDUCAÇÃO BÁSICA
385163;25003011073P0;SAÚDE ÚNICA;MEDICINA VETERINÁRIA
13270;22003010017P5;BIOTECNOLOGIA - REDE RENORBIO;BIOTECNOLOGIA
535595;25003011073P0;SAÚDE ÚNICA;MEDICINA VETERINÁRIA
380962;25003011073P0;SAÚDE ÚNICA;MEDICINA VETERINÁRIA
425318;22003010017P5;BIOTECNOLOGIA - REDE RENORBIO;BIOTECNOLOGIA
411159;33004137068P8;PROEF - EDUCAÇÃO FÍSICA EM REDE NACIONAL;CIÊNCIAS E HUMANIDADES PARA A EDUCAÇÃO BÁSICA
431520;25003011002P6;FITOPATOLOGIA;AGRONOMIA
15153;25003011073P0;SAÚDE ÚNICA;MEDICINA VETERINÁRIA
347321;25003011071P8;BIODIVERSIDADE E CONSERVAÇÃO;ECOLOGIA
454005;25003011071P8;BIODIVERSIDADE E CONSERVAÇÃO;ECOLOGIA
614808;31075010001P2;MATEMÁTICA EM REDE NACIONAL;CIÊNCIAS E HUMANIDADES PARA A EDUCAÇÃO BÁSICA
45655;25003011073P0;SAÚDE ÚNICA;MEDICINA VETERINÁRIA
513579;22003010017P5;BIOTECNOLOGIA - REDE RENORBIO;BIOTECNOLOGIA
438325;25003011073P0;SAÚDE ÚNICA;MEDICINA VETERINÁRIA
119409;25003011073P0;SAÚDE ÚNICA;MEDICINA VETERINÁRIA
121408;22003010017P5;BIOTECNOLOGIA - REDE RENORBIO;BIOTECNOLOGIA
517710;31075010001P2;MATEMÁTICA EM REDE NACIONAL;CIÊNCIAS E HUMANIDADES PARA A EDUCAÇÃO BÁSICA
529260;25003011002P6;FITOPATOLOGIA;AGRONOMIA
176808;31075010001P2;MATEMÁTICA EM REDE NACIONAL;CIÊNCIAS E HUMANIDADES PARA A EDUCAÇÃO BÁSICA
83184;25003011074P7;ENGENHARIA FÍSICA;MATERIAIS
397649;31075010001P2;MATEMÁTICA EM REDE NACIONAL;CIÊNCIAS E HUMANIDADES PARA A EDUCAÇÃO BÁSICA
631714;25003011002P6;FITOPATOLOGIA;AGRONOMIA
437720;31075010001P2;MATEMÁTICA EM REDE NACIONAL;CIÊNCIAS E HUMANIDADES PARA A EDUCAÇÃO BÁSICA
526650;25003011016P7;EXTENSÃO RURAL E DESENVOLVIMENTO LOCAL;AGRONOMIA
513738;25003011016P7;EXTENSÃO RURAL E DESENVOLVIMENTO LOCAL;AGRONOMIA
529381;25003011016P7;EXTENSÃO RURAL E DESENVOLVIMENTO LOCAL;AGRONOMIA
46436;25003011016P7;EXTENSÃO RURAL E DESENVOLVIMENTO LOCAL;AGRONOMIA
523144;25003011016P7;EXTENSÃO RURAL E DESENVOLVIMENTO LOCAL;AGRONOMIA
109994;25003011015P0;AGRONOMIA ( MELHORAMENTO GENÉTICO DE PLANTAS);AGRONOMIA
255845;25003011016P7;EXTENSÃO RURAL E DESENVOLVIMENTO LOCAL;AGRONOMIA
26198;25003011016P7;EXTENSÃO RURAL E DESENVOLVIMENTO LOCAL;AGRONOMIA
458096;25003011075P3;ESTUDOS DA LINGUAGEM;LETRAS
7335;25003011016P7;EXTENSÃO RURAL E DESENVOLVIMENTO LOCAL;AGRONOMIA
529211;25003011015P0;AGRONOMIA ( MELHORAMENTO GENÉTICO DE PLANTAS);AGRONOMIA
614603;25003011074P7;ENGENHARIA FÍSICA;MATERIAIS
325774;25003011074P7;ENGENHARIA FÍSICA;MATERIAIS
339927;25003011074P7;ENGENHARIA FÍSICA;MATERIAIS
47457;25003011013P8;CIÊNCIAS FLORESTAIS;RECURSOS FLORESTAIS E ENGENHARIA FLORESTAL
41749;25003011032P2;INFORMÁTICA APLICADA;CIÊNCIA DA COMPUTAÇÃO
134098;25003011033P9;ETNOBIOLOGIA E CONSERVAÇÃO DA NATUREZA;ECOLOGIA
965887;25003011036P8;ENGENHARIA AMBIENTAL;ENGENHARIA SANITÁRIA
10641;25003011005P5;MEDICINA VETERINÁRIA;MEDICINA VETERINÁRIA
613633;25003011027P9;CIÊNCIA ANIMAL E PASTAGENS;ZOOTECNIA
1219244;25003011024P0;FÍSICA APLICADA;FÍSICA
115575;25003011036P8;ENGENHARIA AMBIENTAL;ENGENHARIA SANITÁRIA
131153;23001011069P5;LETRAS;LETRAS
653189;25003011016P7;EXTENSÃO RURAL E DESENVOLVIMENTO LOCAL;AGRONOMIA
528426;25003011016P7;EXTENSÃO RURAL E DESENVOLVIMENTO LOCAL;AGRONOMIA
711574;25003011016P7;EXTENSÃO RURAL E DESENVOLVIMENTO LOCAL;AGRONOMIA
990990;25003011071P8;BIODIVERSIDADE E CONSERVAÇÃO;ECOLOGIA
423460;25003011001P0;BIODIVERSIDADE;BOTÂNICA
46556;25003011015P0;AGRONOMIA ( MELHORAMENTO GENÉTICO DE PLANTAS);AGRONOMIA
534427;25003011015P0;AGRONOMIA ( MELHORAMENTO GENÉTICO DE PLANTAS);AGRONOMIA
107525;25003011071P8;BIODIVERSIDADE E CONSERVAÇÃO;ECOLOGIA
832151;25003011002P6;FITOPATOLOGIA;AGRONOMIA
112504;25003011074P7;ENGENHARIA FÍSICA;MATERIAIS
511069;25003011006P1;ZOOTECNIA;ZOOTECNIA
47807;25003011030P0;PRODUÇÃO VEGETAL;AGRONOMIA
8138;25003011006P1;ZOOTECNIA;ZOOTECNIA
113812;25003011024P0;FÍSICA APLICADA;FÍSICA
13494;25003011003P2;CIÊNCIA DO SOLO;AGRONOMIA
513579;23001011047P1;DESENVOLVIMENTO E INOVAÇÃO TECNOLÓGICA EM MEDICAMENTOS;FARMÁCIA
525181;25003011016P7;EXTENSÃO RURAL E DESENVOLVIMENTO LOCAL;AGRONOMIA
97911;25003011020P4;QUIMICA;QUÍMICA
438325;25003011022P7;BIOCIÊNCIA ANIMAL;MEDICINA VETERINÁRIA
530265;25003011032P2;INFORMÁTICA APLICADA;CIÊNCIA DA COMPUTAÇÃO
169377;25003011027P9;CIÊNCIA ANIMAL E PASTAGENS;ZOOTECNIA
538287;33283010001P5;ENSINO DE FÍSICA - PROFIS;FÍSICA
513434;25003011028P5;PRODUÇÃO AGRÍCOLA;AGRONOMIA
509719;25003011025P6;SANIDADE E REPRODUÇÃO DE ANIMAIS DE PRODUÇÃO;MEDICINA VETERINÁRIA
7486;25003011022P7;BIOCIÊNCIA ANIMAL;MEDICINA VETERINÁRIA
123469;25003011028P5;PRODUÇÃO AGRÍCOLA;AGRONOMIA
77969;25003011025P6;SANIDADE E REPRODUÇÃO DE ANIMAIS DE PRODUÇÃO;MEDICINA VETERINÁRIA
621677;25003011025P6;SANIDADE E REPRODUÇÃO DE ANIMAIS DE PRODUÇÃO;MEDICINA VETERINÁRIA
681089;25003011074P7;ENGENHARIA FÍSICA;MATERIAIS
114486;25003011025P6;SANIDADE E REPRODUÇÃO DE ANIMAIS DE PRODUÇÃO;MEDICINA VETERINÁRIA
280344;25003011025P6;SANIDADE E REPRODUÇÃO DE ANIMAIS DE PRODUÇÃO;MEDICINA VETERINÁRIA
545410;25003011025P6;SANIDADE E REPRODUÇÃO DE ANIMAIS DE PRODUÇÃO;MEDICINA VETERINÁRIA
539212;25003011025P6;SANIDADE E REPRODUÇÃO DE ANIMAIS DE PRODUÇÃO;MEDICINA VETERINÁRIA
98997;25003011027P9;CIÊNCIA ANIMAL E PASTAGENS;ZOOTECNIA
301065;25003011033P9;ETNOBIOLOGIA E CONSERVAÇÃO DA NATUREZA;ECOLOGIA
180328;25003011074P7;ENGENHARIA FÍSICA;MATERIAIS
390253;25003011027P9;CIÊNCIA ANIMAL E PASTAGENS;ZOOTECNIA
97376;25003011027P9;CIÊNCIA ANIMAL E PASTAGENS;ZOOTECNIA
7046;33283010001P5;ENSINO DE FÍSICA - PROFIS;FÍSICA
5796;25003011028P5;PRODUÇÃO AGRÍCOLA;AGRONOMIA
20460;25003011022P7;BIOCIÊNCIA ANIMAL;MEDICINA VETERINÁRIA
16048;25003011027P9;CIÊNCIA ANIMAL E PASTAGENS;ZOOTECNIA
162776;25003011028P5;PRODUÇÃO AGRÍCOLA;AGRONOMIA
132175;25003011028P5;PRODUÇÃO AGRÍCOLA;AGRONOMIA
152569;25003011025P6;SANIDADE E REPRODUÇÃO DE ANIMAIS DE PRODUÇÃO;MEDICINA VETERINÁRIA
10482;25003011072P4;CIÊNCIAS AMBIENTAIS;CIÊNCIAS AMBIENTAIS
510651;25003011072P4;CIÊNCIAS AMBIENTAIS;CIÊNCIAS AMBIENTAIS
181539;25003011028P5;PRODUÇÃO AGRÍCOLA;AGRONOMIA
132175;25003011072P4;CIÊNCIAS AMBIENTAIS;CIÊNCIAS AMBIENTAIS
147069;25003011025P6;SANIDADE E REPRODUÇÃO DE ANIMAIS DE PRODUÇÃO;MEDICINA VETERINÁRIA
377882;25003011072P4;CIÊNCIAS AMBIENTAIS;CIÊNCIAS AMBIENTAIS
74257;25003011072P4;CIÊNCIAS AMBIENTAIS;CIÊNCIAS AMBIENTAIS
510348;25003011028P5;PRODUÇÃO AGRÍCOLA;AGRONOMIA
46318;25003011029P1;TECNOLOGIA E GESTÃO EM EDUCAÇÃO A DISTÂNCIA;EDUCAÇÃO
638012;25003011072P4;CIÊNCIAS AMBIENTAIS;CIÊNCIAS AMBIENTAIS
440627;25003011072P4;CIÊNCIAS AMBIENTAIS;CIÊNCIAS AMBIENTAIS
533115;25003011028P5;PRODUÇÃO AGRÍCOLA;AGRONOMIA
143269;25003011072P4;CIÊNCIAS AMBIENTAIS;CIÊNCIAS AMBIENTAIS
11109;25003011028P5;PRODUÇÃO AGRÍCOLA;AGRONOMIA
510499;25003011028P5;PRODUÇÃO AGRÍCOLA;AGRONOMIA
525751;33283010001P5;ENSINO DE FÍSICA - PROFIS;FÍSICA
13270;25003011025P6;SANIDADE E REPRODUÇÃO DE ANIMAIS DE PRODUÇÃO;MEDICINA VETERINÁRIA
139127;25003011033P9;ETNOBIOLOGIA E CONSERVAÇÃO DA NATUREZA;ECOLOGIA
7443;25003011025P6;SANIDADE E REPRODUÇÃO DE ANIMAIS DE PRODUÇÃO;MEDICINA VETERINÁRIA
120363;25003011032P2;INFORMÁTICA APLICADA;CIÊNCIA DA COMPUTAÇÃO
163913;25003011025P6;SANIDADE E REPRODUÇÃO DE ANIMAIS DE PRODUÇÃO;MEDICINA VETERINÁRIA
256401;25003011022P7;BIOCIÊNCIA ANIMAL;MEDICINA VETERINÁRIA
638013;25003011072P4;CIÊNCIAS AMBIENTAIS;CIÊNCIAS AMBIENTAIS
41329;25003011028P5;PRODUÇÃO AGRÍCOLA;AGRONOMIA
96710;25003011072P4;CIÊNCIAS AMBIENTAIS;CIÊNCIAS AMBIENTAIS
134920;25003011072P4;CIÊNCIAS AMBIENTAIS;CIÊNCIAS AMBIENTAIS
520588;25003011025P6;SANIDADE E REPRODUÇÃO DE ANIMAIS DE PRODUÇÃO;MEDICINA VETERINÁRIA
397284;25003011025P6;SANIDADE E REPRODUÇÃO DE ANIMAIS DE PRODUÇÃO;MEDICINA VETERINÁRIA
139022;25003011072P4;CIÊNCIAS AMBIENTAIS;CIÊNCIAS AMBIENTAIS
152380;31001017169P2;QUÍMICA EM REDE NACIONAL;QUÍMICA
43088;25003011028P5;PRODUÇÃO AGRÍCOLA;AGRONOMIA
221396;25003011025P6;SANIDADE E REPRODUÇÃO DE ANIMAIS DE PRODUÇÃO;MEDICINA VETERINÁRIA
538321;25003011072P4;CIÊNCIAS AMBIENTAIS;CIÊNCIAS AMBIENTAIS
1057292;25003011038P0;EDUCAÇÃO, CULTURAS E IDENTIDADES;EDUCAÇÃO
161439;25003011025P6;SANIDADE E REPRODUÇÃO DE ANIMAIS DE PRODUÇÃO;MEDICINA VETERINÁRIA
23219;25003011027P9;CIÊNCIA ANIMAL E PASTAGENS;ZOOTECNIA
416578;31001017169P2;QUÍMICA EM REDE NACIONAL;QUÍMICA
423263;25003011027P9;CIÊNCIA ANIMAL E PASTAGENS;ZOOTECNIA
156452;25003011025P6;SANIDADE E REPRODUÇÃO DE ANIMAIS DE PRODUÇÃO;MEDICINA VETERINÁRIA
225995;25003011072P4;CIÊNCIAS AMBIENTAIS;CIÊNCIAS AMBIENTAIS
134569;25003011028P5;PRODUÇÃO AGRÍCOLA;AGRONOMIA
6400;25003011029P1;TECNOLOGIA E GESTÃO EM EDUCAÇÃO A DISTÂNCIA;EDUCAÇÃO
531502;25003011025P6;SANIDADE E REPRODUÇÃO DE ANIMAIS DE PRODUÇÃO;MEDICINA VETERINÁRIA
472402;25003011025P6;SANIDADE E REPRODUÇÃO DE ANIMAIS DE PRODUÇÃO;MEDICINA VETERINÁRIA
133790;25003011033P9;ETNOBIOLOGIA E CONSERVAÇÃO DA NATUREZA;ECOLOGIA
6013;25003011027P9;CIÊNCIA ANIMAL E PASTAGENS;ZOOTECNIA
181539;25003011027P9;CIÊNCIA ANIMAL E PASTAGENS;ZOOTECNIA
514443;25003011028P5;PRODUÇÃO AGRÍCOLA;AGRONOMIA
538321;25003011028P5;PRODUÇÃO AGRÍCOLA;AGRONOMIA
16048;25003011028P5;PRODUÇÃO AGRÍCOLA;AGRONOMIA
422823;22003010017P5;BIOTECNOLOGIA - REDE RENORBIO;BIOTECNOLOGIA
46318;53045009001P3;ADMINISTRAÇÃO PÚBLICA EM REDE NACIONAL;ADMINISTRAÇÃO
97376;25003011028P5;PRODUÇÃO AGRÍCOLA;AGRONOMIA
393019;23001011069P5;LETRAS;LETRAS
21331;25003011017P3;ENTOMOLOGIA;AGRONOMIA
5541;25003011013P8;CIÊNCIAS FLORESTAIS;RECURSOS FLORESTAIS E ENGENHARIA FLORESTAL
18886;25003011011P5;RECURSOS PESQUEIROS E AQUICULTURA;RECURSOS PESQUEIROS E ENGENHARIA DE PESCA
535312;25003011012P1;ENSINO DAS CIÊNCIAS;ENSINO
806196;25003011014P4;ADMINISTRAÇÃO E DESENVOLVIMENTO;ADMINISTRAÇÃO
806187;25003011014P4;ADMINISTRAÇÃO E DESENVOLVIMENTO;ADMINISTRAÇÃO
45655;25003011037P4;CONSUMO, COTIDIANO E DESENVOLVIMENTO SOCIAL;ECONOMIA DOMÉSTICA
513963;25003011022P7;BIOCIÊNCIA ANIMAL;MEDICINA VETERINÁRIA
236776;25003011037P4;CONSUMO, COTIDIANO E DESENVOLVIMENTO SOCIAL;ECONOMIA DOMÉSTICA
36207;31075010001P2;MATEMÁTICA EM REDE NACIONAL;MATEMÁTICA
170700;25003011037P4;CONSUMO, COTIDIANO E DESENVOLVIMENTO SOCIAL;ECONOMIA DOMÉSTICA
330897;25003011037P4;CONSUMO, COTIDIANO E DESENVOLVIMENTO SOCIAL;ECONOMIA DOMÉSTICA
283900;25003011030P0;PRODUÇÃO VEGETAL;AGRONOMIA
12103;25003011073P0;SAÚDE ÚNICA;MEDICINA VETERINÁRIA
77077;25003011027P9;CIÊNCIA ANIMAL E PASTAGENS;ZOOTECNIA
9442;25003011037P4;CONSUMO, COTIDIANO E DESENVOLVIMENTO SOCIAL;ECONOMIA DOMÉSTICA
28374;25003011037P4;CONSUMO, COTIDIANO E DESENVOLVIMENTO SOCIAL;ECONOMIA DOMÉSTICA
46490;25003011033P9;ETNOBIOLOGIA E CONSERVAÇÃO DA NATUREZA;ECOLOGIA
162641;25003011037P4;CONSUMO, COTIDIANO E DESENVOLVIMENTO SOCIAL;ECONOMIA DOMÉSTICA
9502;25003011037P4;CONSUMO, COTIDIANO E DESENVOLVIMENTO SOCIAL;ECONOMIA DOMÉSTICA
67573;25003011033P9;ETNOBIOLOGIA E CONSERVAÇÃO DA NATUREZA;ECOLOGIA
514724;31001017169P2;QUÍMICA EM REDE NACIONAL;QUÍMICA
47550;31001017169P2;QUÍMICA EM REDE NACIONAL;QUÍMICA
531307;25003011019P6;HISTÓRIA;HISTÓRIA
124318;25003011037P4;CONSUMO, COTIDIANO E DESENVOLVIMENTO SOCIAL;ECONOMIA DOMÉSTICA
803946;25003011021P0;CIÊNCIA E TECNOLOGIA DE ALIMENTOS;CIÊNCIA E TECNOLOGIA DE ALIMENTOS
415565;25003011027P9;CIÊNCIA ANIMAL E PASTAGENS;ZOOTECNIA
653189;25020013042P2;AGROECOLOGIA E DESENVOLVIMENTO TERRITORIAL;INTERDISCIPLINAR
83841;25003011027P9;CIÊNCIA ANIMAL E PASTAGENS;ZOOTECNIA
46436;25003011037P4;CONSUMO, COTIDIANO E DESENVOLVIMENTO SOCIAL;ECONOMIA DOMÉSTICA
10158;25003011037P4;CONSUMO, COTIDIANO E DESENVOLVIMENTO SOCIAL;ECONOMIA DOMÉSTICA
398427;31001017169P2;QUÍMICA EM REDE NACIONAL;QUÍMICA
16307;25003011071P8;BIODIVERSIDADE E CONSERVAÇÃO;ECOLOGIA
106397;25003011024P0;FÍSICA APLICADA;FÍSICA
618179;25003011037P4;CONSUMO, COTIDIANO E DESENVOLVIMENTO SOCIAL;ECONOMIA DOMÉSTICA
657074;25003011037P4;CONSUMO, COTIDIANO E DESENVOLVIMENTO SOCIAL;ECONOMIA DOMÉSTICA
654413;25003011030P0;PRODUÇÃO VEGETAL;AGRONOMIA
203950;25003011033P9;ETNOBIOLOGIA E CONSERVAÇÃO DA NATUREZA;ECOLOGIA
24225;22003010017P5;BIOTECNOLOGIA - REDE RENORBIO;BIOTECNOLOGIA
1368216;23001011047P1;DESENVOLVIMENTO E INOVAÇÃO TECNOLÓGICA EM MEDICAMENTOS;FARMÁCIA
489372;23001011069P5;LETRAS;LETRAS
195268;25003011002P6;FITOPATOLOGIA;AGRONOMIA
18788;25003011006P1;ZOOTECNIA;ZOOTECNIA
837642;25003011012P1;ENSINO DAS CIÊNCIAS;ENSINO
33687;25003011013P8;CIÊNCIAS FLORESTAIS;RECURSOS FLORESTAIS E ENGENHARIA FLORESTAL
5375;25003011017P3;ENTOMOLOGIA;AGRONOMIA
538060;25003011015P0;AGRONOMIA ( MELHORAMENTO GENÉTICO DE PLANTAS);AGRONOMIA
523138;25003011015P0;AGRONOMIA ( MELHORAMENTO GENÉTICO DE PLANTAS);AGRONOMIA
7584;25003011074P7;ENGENHARIA FÍSICA;MATERIAIS
189220;25003011033P9;ETNOBIOLOGIA E CONSERVAÇÃO DA NATUREZA;ECOLOGIA
42511;25003011012P1;ENSINO DAS CIÊNCIAS;ENSINO
131390;25003011001P0;BIODIVERSIDADE;BOTÂNICA
13310;25003011012P1;ENSINO DAS CIÊNCIAS;ENSINO
527869;25003011019P6;HISTÓRIA;HISTÓRIA
657074;25003011021P0;CIÊNCIA E TECNOLOGIA DE ALIMENTOS;CIÊNCIA E TECNOLOGIA DE ALIMENTOS
572647;25003011006P1;ZOOTECNIA;ZOOTECNIA
140651;25003011006P1;ZOOTECNIA;ZOOTECNIA
195268;25003011028P5;PRODUÇÃO AGRÍCOLA;AGRONOMIA
325774;25003011036P8;ENGENHARIA AMBIENTAL;ENGENHARIA SANITÁRIA
11194;25003011036P8;ENGENHARIA AMBIENTAL;ENGENHARIA SANITÁRIA
145834;25003011001P0;BIODIVERSIDADE;BOTÂNICA
95375;25003011075P3;ESTUDOS DA LINGUAGEM;LETRAS
131743;25003011033P9;ETNOBIOLOGIA E CONSERVAÇÃO DA NATUREZA;ECOLOGIA
38037;25003011029P1;TECNOLOGIA E GESTÃO EM EDUCAÇÃO A DISTÂNCIA;EDUCAÇÃO
47598;25020013042P2;AGROECOLOGIA E DESENVOLVIMENTO TERRITORIAL;INTERDISCIPLINAR
521226;25020013042P2;AGROECOLOGIA E DESENVOLVIMENTO TERRITORIAL;INTERDISCIPLINAR
515041;25003011001P0;BIODIVERSIDADE;BOTÂNICA
510584;25003011001P0;BIODIVERSIDADE;BOTÂNICA
157633;25003011001P0;BIODIVERSIDADE;BOTÂNICA
531192;25003011012P1;ENSINO DAS CIÊNCIAS;ENSINO
6742;25003011032P2;INFORMÁTICA APLICADA;CIÊNCIA DA COMPUTAÇÃO
103845;25003011074P7;ENGENHARIA FÍSICA;MATERIAIS
78743;25003011029P1;TECNOLOGIA E GESTÃO EM EDUCAÇÃO A DISTÂNCIA;EDUCAÇÃO
122453;33283010001P5;ENSINO DE FÍSICA - PROFIS;FÍSICA
125750;25003011001P0;BIODIVERSIDADE;BOTÂNICA
105879;25003011021P0;CIÊNCIA E TECNOLOGIA DE ALIMENTOS;CIÊNCIA E TECNOLOGIA DE ALIMENTOS
998437;33283010001P5;ENSINO DE FÍSICA - PROFIS;FÍSICA
14216;25003011073P0;SAÚDE ÚNICA;MEDICINA VETERINÁRIA
101707;33283010001P5;ENSINO DE FÍSICA - PROFIS;FÍSICA
431535;25003011021P0;CIÊNCIA E TECNOLOGIA DE ALIMENTOS;CIÊNCIA E TECNOLOGIA DE ALIMENTOS
8156;25003011036P8;ENGENHARIA AMBIENTAL;ENGENHARIA SANITÁRIA
433307;25003011072P4;CIÊNCIAS AMBIENTAIS;CIÊNCIAS AMBIENTAIS
46613;25003011006P1;ZOOTECNIA;ZOOTECNIA
411449;31075010001P2;MATEMÁTICA EM REDE NACIONAL;MATEMÁTICA
510651;25003011001P0;BIODIVERSIDADE;BOTÂNICA
13711;25003011010P9;BIOMETRIA E ESTATÍSTICA APLICADA;AGRONOMIA
467860;25003011001P0;BIODIVERSIDADE;BOTÂNICA
593594;25003011032P2;INFORMÁTICA APLICADA;CIÊNCIA DA COMPUTAÇÃO
1361759;33283010001P5;ENSINO DE FÍSICA - PROFIS;FÍSICA
67528;25003011071P8;BIODIVERSIDADE E CONSERVAÇÃO;ECOLOGIA
538058;33283010001P5;ENSINO DE FÍSICA - PROFIS;FÍSICA
47077;25003011005P5;MEDICINA VETERINÁRIA;MEDICINA VETERINÁRIA
377882;25003011001P0;BIODIVERSIDADE;BOTÂNICA
451159;25003011021P0;CIÊNCIA E TECNOLOGIA DE ALIMENTOS;CIÊNCIA E TECNOLOGIA DE ALIMENTOS
3029702;25003011011P5;RECURSOS PESQUEIROS E AQUICULTURA;RECURSOS PESQUEIROS E ENGENHARIA DE PESCA
423263;25003011006P1;ZOOTECNIA;ZOOTECNIA
140621;25003011027P9;CIÊNCIA ANIMAL E PASTAGENS;ZOOTECNIA
18943;25003011011P5;RECURSOS PESQUEIROS E AQUICULTURA;RECURSOS PESQUEIROS E ENGENHARIA DE PESCA
47077;22003010017P5;BIOTECNOLOGIA - REDE RENORBIO;BIOTECNOLOGIA
12103;25003011005P5;MEDICINA VETERINÁRIA;MEDICINA VETERINÁRIA
28374;25003011014P4;ADMINISTRAÇÃO E DESENVOLVIMENTO RURAL;ADMINISTRAÇÃO
71432;25003011021P0;CIÊNCIA E TECNOLOGIA DE ALIMENTOS;CIÊNCIA E TECNOLOGIA DE ALIMENTOS
514938;25003011001P0;BIODIVERSIDADE;BOTÂNICA
16404;25003011071P8;BIODIVERSIDADE E CONSERVAÇÃO;ECOLOGIA
21289;25003011001P0;BIODIVERSIDADE;BOTÂNICA
11623;25003011006P1;ZOOTECNIA;ZOOTECNIA
112087;25003011074P7;ENGENHARIA FÍSICA;MATERIAIS
164181;25003011001P0;BIODIVERSIDADE;BOTÂNICA
514211;25003011021P0;CIÊNCIA E TECNOLOGIA DE ALIMENTOS;CIÊNCIA E TECNOLOGIA DE ALIMENTOS
637869;25003011018P0;ENGENHARIA AGRÍCOLA;ENGENHARIA AGRÍCOLA
520657;25003011029P1;TECNOLOGIA E GESTÃO EM EDUCAÇÃO A DISTÂNCIA;EDUCAÇÃO
46490;25003011001P0;BIODIVERSIDADE;BOTÂNICA
533336;25003011031P6;CIÊNCIA ANIMAL TROPICAL;MEDICINA VETERINÁRIA
513434;25003011026P2;ECOLOGIA;ECOLOGIA
514056;25003011009P0;ZOOTECNIA;ZOOTECNIA
536444;25003011009P0;ZOOTECNIA;ZOOTECNIA
14216;25003011031P6;CIÊNCIA ANIMAL TROPICAL;MEDICINA VETERINÁRIA
20984;25003011009P0;ZOOTECNIA;ZOOTECNIA
147863;33283010001P5;ENSINO DE FÍSICA - PROFIS;FÍSICA
109523;25003011024P0;FÍSICA APLICADA;FÍSICA
119409;25003011031P6;CIÊNCIA ANIMAL TROPICAL;MEDICINA VETERINÁRIA
19183;25003011013P8;CIÊNCIAS FLORESTAIS;RECURSOS FLORESTAIS E ENGENHARIA FLORESTAL
443235;25003011031P6;CIÊNCIA ANIMAL TROPICAL;MEDICINA VETERINÁRIA
47600;25003011026P2;ECOLOGIA;ECOLOGIA
39690;25003011012P1;ENSINO DAS CIÊNCIAS;ENSINO
126075;25003011031P6;CIÊNCIA ANIMAL TROPICAL;MEDICINA VETERINÁRIA
126212;23001011069P5;LETRAS;LETRAS
398427;25003011012P1;ENSINO DAS CIÊNCIAS;ENSINO
440627;25003011031P6;CIÊNCIA ANIMAL TROPICAL;MEDICINA VETERINÁRIA
163913;25003011031P6;CIÊNCIA ANIMAL TROPICAL;MEDICINA VETERINÁRIA
15153;25003011031P6;CIÊNCIA ANIMAL TROPICAL;MEDICINA VETERINÁRIA
19707;25003011017P3;ENTOMOLOGIA;AGRONOMIA
536426;25003011009P0;ZOOTECNIA;ZOOTECNIA
509724;25003011013P8;CIÊNCIAS FLORESTAIS;RECURSOS FLORESTAIS E ENGENHARIA FLORESTAL
355788;25003011031P6;CIÊNCIA ANIMAL TROPICAL;MEDICINA VETERINÁRIA
534957;25003011033P9;ETNOBIOLOGIA E CONSERVAÇÃO DA NATUREZA;ECOLOGIA
521499;25003011026P2;ECOLOGIA;ECOLOGIA
377882;25003011026P2;ECOLOGIA;ECOLOGIA
7486;25003011031P6;CIÊNCIA ANIMAL TROPICAL;MEDICINA VETERINÁRIA
25894;25003011011P5;RECURSOS PESQUEIROS E AQUICULTURA;RECURSOS PESQUEIROS E ENGENHARIA DE PESCA
46490;25003011026P2;ECOLOGIA;ECOLOGIA
512175;25003011009P0;ZOOTECNIA;ZOOTECNIA
41025;25003011009P0;ZOOTECNIA;ZOOTECNIA
434967;25003011026P2;ECOLOGIA;ECOLOGIA
510783;31075010001P2;MATEMÁTICA EM REDE NACIONAL;MATEMÁTICA
46613;25003011009P0;ZOOTECNIA;ZOOTECNIA
425318;25003011031P6;CIÊNCIA ANIMAL TROPICAL;MEDICINA VETERINÁRIA
513462;25003011031P6;CIÊNCIA ANIMAL TROPICAL;MEDICINA VETERINÁRIA
412234;25003011028P5;PRODUÇÃO AGRÍCOLA;AGRONOMIA
709967;25003011031P6;CIÊNCIA ANIMAL TROPICAL;MEDICINA VETERINÁRIA
526674;25003011031P6;CIÊNCIA ANIMAL TROPICAL;MEDICINA VETERINÁRIA
20460;25003011031P6;CIÊNCIA ANIMAL TROPICAL;MEDICINA VETERINÁRIA
13270;25003011031P6;CIÊNCIA ANIMAL TROPICAL;MEDICINA VETERINÁRIA
24100;25003011025P6;SANIDADE E REPRODUÇÃO DE ANIMAIS DE PRODUÇÃO;MEDICINA VETERINÁRIA
607480;25003011031P6;CIÊNCIA ANIMAL TROPICAL;MEDICINA VETERINÁRIA
221396;25003011031P6;CIÊNCIA ANIMAL TROPICAL;MEDICINA VETERINÁRIA
132509;25003011031P6;CIÊNCIA ANIMAL TROPICAL;MEDICINA VETERINÁRIA
385464;25003011027P9;CIÊNCIA ANIMAL E PASTAGENS;ZOOTECNIA
509719;25003011031P6;CIÊNCIA ANIMAL TROPICAL;MEDICINA VETERINÁRIA
366492;25003011027P9;CIÊNCIA ANIMAL E PASTAGENS;ZOOTECNIA
145834;25003011026P2;ECOLOGIA;ECOLOGIA
537959;25003011026P2;ECOLOGIA;ECOLOGIA
24101;25003011009P0;ZOOTECNIA;ZOOTECNIA
511069;25003011009P0;ZOOTECNIA;ZOOTECNIA
531586;25003011031P6;CIÊNCIA ANIMAL TROPICAL;MEDICINA VETERINÁRIA
538845;25003011019P6;HISTÓRIA;HISTÓRIA
18788;25003011009P0;ZOOTECNIA;ZOOTECNIA
980962;25003011026P2;ECOLOGIA;ECOLOGIA
67528;25003011026P2;ECOLOGIA;ECOLOGIA
467860;25003011026P2;ECOLOGIA;ECOLOGIA
11623;25003011009P0;ZOOTECNIA;ZOOTECNIA
510191;25003011026P2;ECOLOGIA;ECOLOGIA
417269;25003011026P2;ECOLOGIA;ECOLOGIA
513149;25003011026P2;ECOLOGIA;ECOLOGIA
107525;25003011026P2;ECOLOGIA;ECOLOGIA
511691;25003011009P0;ZOOTECNIA;ZOOTECNIA
510651;25003011026P2;ECOLOGIA;ECOLOGIA
5405;25003011026P2;ECOLOGIA;ECOLOGIA
1015676;25003011026P2;ECOLOGIA;ECOLOGIA
980962;25003011031P6;CIÊNCIA ANIMAL TROPICAL;MEDICINA VETERINÁRIA
256401;25003011031P6;CIÊNCIA ANIMAL TROPICAL;MEDICINA VETERINÁRIA
47550;25003011020P4;QUIMICA;QUÍMICA
5723;25003011009P0;ZOOTECNIA;ZOOTECNIA
513523;25003011031P6;CIÊNCIA ANIMAL TROPICAL;MEDICINA VETERINÁRIA
509983;25003011009P0;ZOOTECNIA;ZOOTECNIA
510198;25003011029P1;TECNOLOGIA E GESTÃO EM EDUCAÇÃO A DISTÂNCIA;EDUCAÇÃO
153973;23001011069P5;LETRAS;LETRAS
41329;25003011010P9;BIOMETRIA E ESTATÍSTICA APLICADA;AGRONOMIA
440627;25003011026P2;ECOLOGIA;ECOLOGIA
8138;25003011009P0;ZOOTECNIA;ZOOTECNIA
426221;25003011030P0;PRODUÇÃO VEGETAL;AGRONOMIA
368181;23001011069P5;LETRAS;LETRAS
479553;25003011031P6;CIÊNCIA ANIMAL TROPICAL;MEDICINA VETERINÁRIA
275298;25003011013P8;CIÊNCIAS FLORESTAIS;RECURSOS FLORESTAIS E ENGENHARIA FLORESTAL
107525;25003011036P8;ENGENHARIA AMBIENTAL;ENGENHARIA SANITÁRIA
11390;25003011002P6;FITOPATOLOGIA;AGRONOMIA
533842;25003011026P2;ECOLOGIA;ECOLOGIA
17617;25003011009P0;ZOOTECNIA;ZOOTECNIA
223694;25003011026P2;ECOLOGIA;ECOLOGIA
22729;25003011006P1;ZOOTECNIA;ZOOTECNIA
19183;22003010017P5;BIOTECNOLOGIA - REDE RENORBIO;BIOTECNOLOGIA
1505119;31075010001P2;MATEMÁTICA EM REDE NACIONAL;MATEMÁTICA
973761;25003011020P4;QUIMICA;QUÍMICA
344385;25003011021P0;CIÊNCIA E TECNOLOGIA DE ALIMENTOS;CIÊNCIA E TECNOLOGIA DE ALIMENTOS
125951;25003011036P8;ENGENHARIA AMBIENTAL;ENGENHARIA SANITÁRIA
530280;25003011036P8;ENGENHARIA AMBIENTAL;ENGENHARIA SANITÁRIA
535011;25003011005P5;MEDICINA VETERINÁRIA;MEDICINA VETERINÁRIA
115841;25003011071P8;BIODIVERSIDADE E CONSERVAÇÃO;ECOLOGIA
973443;25003011025P6;SANIDADE E REPRODUÇÃO DE RUMINANTES;MEDICINA VETERINÁRIA
384338;25003011020P4;QUIMICA;QUÍMICA
137966;25003011011P5;RECURSOS PESQUEIROS E AQUICULTURA;RECURSOS PESQUEIROS E ENGENHARIA DE PESCA
144796;25003011014P4;ADMINISTRAÇÃO E DESENVOLVIMENTO RURAL;ADMINISTRAÇÃO
352727;25003011038P0;EDUCAÇÃO, CULTURAS E IDENTIDADES;EDUCAÇÃO
383067;25003011028P5;PRODUÇÃO AGRÍCOLA;AGRONOMIA
36929;25003011026P2;ECOLOGIA;ECOLOGIA
535011;25003011031P6;CIÊNCIA ANIMAL TROPICAL;MEDICINA VETERINÁRIA
437116;25003011036P8;ENGENHARIA AMBIENTAL;ENGENHARIA SANITÁRIA
160945;25003011026P2;ECOLOGIA;ECOLOGIA
17617;25003011006P1;ZOOTECNIA;ZOOTECNIA
441911;25003011001P0;BOTÂNICA;BOTÂNICA
513475;22003010017P5;BIOTECNOLOGIA - REDE RENORBIO;BIOTECNOLOGIA
960571;25003011030P0;PRODUÇÃO VEGETAL;AGRONOMIA
137966;25003011027P9;CIÊNCIA ANIMAL E PASTAGENS;ZOOTECNIA
124077;25003011027P9;CIÊNCIA ANIMAL E PASTAGENS;ZOOTECNIA
449199;25003011070P1;CONTROLADORIA;ADMINISTRAÇÃO
528058;25003011020P4;QUIMICA;QUÍMICA
47077;25003011031P6;CIÊNCIA ANIMAL TROPICAL;MEDICINA VETERINÁRIA
41329;25003011027P9;CIÊNCIA ANIMAL E PASTAGENS;ZOOTECNIA
370407;25003011005P5;MEDICINA VETERINÁRIA;MEDICINA VETERINÁRIA
538242;25003011020P4;QUIMICA;QUÍMICA
78665;25003011036P8;ENGENHARIA AMBIENTAL;ENGENHARIA SANITÁRIA
225995;25003011026P2;ECOLOGIA;ECOLOGIA
533115;25003011003P2;CIÊNCIA DO SOLO;AGRONOMIA
99125;25003011033P9;ETNOBIOLOGIA E CONSERVAÇÃO DA NATUREZA;ECOLOGIA
516773;25003011020P4;QUIMICA;QUÍMICA
14259;25003011026P2;ECOLOGIA;ECOLOGIA
512544;22003010017P5;BIOTECNOLOGIA - REDE RENORBIO;BIOTECNOLOGIA
99913;25003011030P0;PRODUÇÃO VEGETAL;AGRONOMIA
172788;25003011002P6;FITOPATOLOGIA;AGRONOMIA
513579;25003011031P6;CIÊNCIA ANIMAL TROPICAL;MEDICINA VETERINÁRIA
535101;25003011010P9;BIOMETRIA E ESTATÍSTICA APLICADA;AGRONOMIA
534032;25003011013P8;CIÊNCIAS FLORESTAIS;RECURSOS FLORESTAIS E ENGENHARIA FLORESTAL
527754;25003011024P0;FÍSICA APLICADA;FÍSICA
383837;25003011031P6;CIÊNCIA ANIMAL TROPICAL;MEDICINA VETERINÁRIA
120363;25003011010P9;BIOMETRIA E ESTATÍSTICA APLICADA;AGRONOMIA
24100;25003011031P6;CIÊNCIA ANIMAL TROPICAL;MEDICINA VETERINÁRIA
31069;25003011031P6;CIÊNCIA ANIMAL TROPICAL;MEDICINA VETERINÁRIA
375114;25003011012P1;ENSINO DAS CIÊNCIAS;ENSINO
3029702;25003011010P9;BIOMETRIA E ESTATÍSTICA APLICADA;AGRONOMIA
11388;25003011001P0;BOTÂNICA;BOTÂNICA
119409;25003011025P6;SANIDADE E REPRODUÇÃO DE RUMINANTES;MEDICINA VETERINÁRIA
513475;25003011015P0;AGRONOMIA ( MELHORAMENTO GENÉTICO DE PLANTAS);AGRONOMIA
514938;25003011026P2;ECOLOGIA;ECOLOGIA
382801;25003011027P9;CIÊNCIA ANIMAL E PASTAGENS;ZOOTECNIA
538115;25003011032P2;INFORMÁTICA APLICADA;CIÊNCIA DA COMPUTAÇÃO
535701;25003011032P2;INFORMÁTICA APLICADA;CIÊNCIA DA COMPUTAÇÃO
131743;25003011026P2;ECOLOGIA;ECOLOGIA
19958;25003011001P0;BOTÂNICA;BOTÂNICA
43088;25003011003P2;CIÊNCIA DO SOLO;AGRONOMIA
17143;25003011037P4;CONSUMO, COTIDIANO E DESENVOLVIMENTO SOCIAL;ECONOMIA DOMÉSTICA
22729;25003011009P0;ZOOTECNIA;ZOOTECNIA
342467;25003011019P6;HISTÓRIA;HISTÓRIA
441911;25003011013P8;CIÊNCIAS FLORESTAIS;RECURSOS FLORESTAIS E ENGENHARIA FLORESTAL
101849;25003011036P8;ENGENHARIA AMBIENTAL;ENGENHARIA SANITÁRIA
6685;25003011014P4;ADMINISTRAÇÃO E DESENVOLVIMENTO RURAL;ADMINISTRAÇÃO
45851;25003011015P0;AGRONOMIA ( MELHORAMENTO GENÉTICO DE PLANTAS);AGRONOMIA
14194;25003011015P0;AGRONOMIA ( MELHORAMENTO GENÉTICO DE PLANTAS);AGRONOMIA
98255;25003011038P0;EDUCAÇÃO, CULTURAS E IDENTIDADES;EDUCAÇÃO
124353;25003011029P1;TECNOLOGIA E GESTÃO EM EDUCAÇÃO A DISTÂNCIA;EDUCAÇÃO
1384342;25003011029P1;TECNOLOGIA E GESTÃO EM EDUCAÇÃO A DISTÂNCIA;EDUCAÇÃO
7843;25003011037P4;CONSUMO, COTIDIANO E DESENVOLVIMENTO SOCIAL;ECONOMIA DOMÉSTICA
97376;25003011030P0;PRODUÇÃO VEGETAL;AGRONOMIA
378506;25003011070P1;CONTROLADORIA;ADMINISTRAÇÃO
513434;25003011033P9;ETNOBIOLOGIA E CONSERVAÇÃO DA NATUREZA;ECOLOGIA
534388;25003011026P2;ECOLOGIA;ECOLOGIA
523144;25003011038P0;EDUCAÇÃO, CULTURAS E IDENTIDADES;EDUCAÇÃO
13402;25003011011P5;RECURSOS PESQUEIROS E AQUICULTURA;RECURSOS PESQUEIROS E ENGENHARIA DE PESCA
179100;25003011029P1;TECNOLOGIA E GESTÃO EM EDUCAÇÃO A DISTÂNCIA;EDUCAÇÃO
10748;25003011002P6;FITOPATOLOGIA;AGRONOMIA
793298;25003011028P5;PRODUÇÃO AGRÍCOLA;AGRONOMIA
709931;25003011005P5;MEDICINA VETERINÁRIA;MEDICINA VETERINÁRIA
112184;25003011030P0;PRODUÇÃO VEGETAL;AGRONOMIA
11388;25003011015P0;AGRONOMIA ( MELHORAMENTO GENÉTICO DE PLANTAS);AGRONOMIA
174057;25003011024P0;FÍSICA APLICADA;FÍSICA
7638;25003011037P4;CONSUMO, COTIDIANO E DESENVOLVIMENTO SOCIAL;ECONOMIA DOMÉSTICA
71432;25003011037P4;CONSUMO, COTIDIANO E DESENVOLVIMENTO SOCIAL;ECONOMIA DOMÉSTICA
123077;53045009001P3;ADMINISTRAÇÃO PÚBLICA EM REDE NACIONAL;ADMINISTRAÇÃO
7899;25003011002P6;FITOPATOLOGIA;AGRONOMIA
5866;25003011071P8;BIODIVERSIDADE E CONSERVAÇÃO;ECOLOGIA
